time,ETHUSDT,BTCUSDT,SOMIUSDT,SOLUSDT,DOGEUSDT,BNBUSDT,XRPUSDT,AVNTUSDT,PUMPUSDT,WLFIUSDT,AVAXUSDT,SUIUSDT,PEPEUSDT,TRXUSDT,ENAUSDT,ZKCUSDT,WLDUSDT,ADAUSDT,LINEAUSDT,TSTUSDT,LINKUSDT,PENGUUSDT,LTCUSDT,FORMUSDT,MITOUSDT,OPENUSDT,AAVEUSDT,UNIUSDT,ARBUSDT,BONKUSDT
2025-09-15 21:05 CT,0.000000,0.000000,0.000000,0.000000,0.000000,0.000000,0.000000,0.000000,0.000000,0.000000,0.000000,0.000000,0.000000,0.000000,0.000000,0.000000,0.000000,0.000000,0.000000,0.000000,0.000000,0.000000,0.000000,0.000000,0.000000,0.000000,0.000000,0.000000,0.000000,0.000000
2025-09-15 21:10 CT,0.000716,0.000495,0.013299,0.001194,0.002910,0.000500,0.001240,-0.005448,-0.002723,0.008632,0.002724,0.001622,0.001860,0.000290,0.001995,-0.006904,0.002679,0.001625,0.006595,0.002199,0.001702,0.001584,0.000618,0.001444,0.011779,0.004220,0.001412,0.000654,0.000611,0.001729
2025-09-15 21:15 CT,0.000102,0.000000,0.021675,0.000384,0.001530,0.001097,0.001374,-0.001341,-0.000829,0.007724,0.005448,0.000626,0.001860,-0.000579,0.002281,-0.007228,0.004689,0.000697,0.000694,0.001100,0.002128,0.001188,0.000176,0.003634,0.012171,0.007736,0.000908,0.000436,0.000000,0.002162
2025-09-15 21:20 CT,-0.000164,-0.000081,0.017530,-0.000341,-0.000224,0.000706,0.001005,0.008800,0.001776,0.017265,0.005448,0.000370,0.002791,-0.000579,-0.000428,-0.010248,0.004689,0.000348,0.005207,0.002566,0.001702,0.000030,-0.000529,0.001211,0.010208,0.004923,0.000303,0.000981,-0.000407,0.002594
2025-09-15 21:25 CT,0.000418,0.000461,0.018912,-0.000043,0.000336,0.000586,0.000536,0.017432,0.006511,0.014085,0.005448,0.000370,0.002791,-0.000869,0.000428,-0.016721,0.004689,0.000348,0.001736,-0.002933,0.001277,0.000609,-0.000794,-0.000466,0.009815,0.005509,-0.000034,0.000872,-0.000204,0.003459
2025-09-15 21:30 CT,0.000557,0.000694,0.013385,0.001365,0.001082,0.000814,0.001642,0.007459,0.000710,0.012721,0.003745,0.000996,0.001860,-0.000579,-0.000428,-0.011327,0.004689,0.000929,-0.004512,-0.003666,0.000851,0.001097,-0.000265,0.002376,0.003141,0.005627,0.000202,0.000763,-0.000204,0.003891
2025-09-15 21:35 CT,-0.000886,0.000040,0.018480,0.000128,-0.002575,0.000228,0.000067,-0.001760,0.003670,0.009087,0.003064,-0.000654,0.000930,-0.000869,-0.000998,-0.011327,0.003349,-0.000464,-0.010760,-0.001466,-0.000851,-0.000274,-0.001500,0.004426,0.007852,0.006916,-0.000572,-0.001090,-0.000611,0.004323
2025-09-15 21:40 CT,-0.001244,-0.000056,0.019516,0.000384,-0.003806,-0.000619,0.000067,-0.000335,-0.002131,0.013630,0.003405,-0.000711,0.000000,-0.000579,-0.000143,-0.013916,0.004689,-0.000464,-0.008330,0.001100,-0.000851,0.000457,-0.001412,0.000885,0.010208,0.012191,-0.000235,-0.001526,-0.000611,0.006053
2025-09-15 21:45 CT,-0.000583,-0.000014,0.016926,0.000853,-0.002985,-0.001325,-0.000302,-0.002933,-0.006630,0.007269,0.003745,-0.000967,0.000000,-0.000290,-0.000998,-0.011111,0.002679,-0.000580,-0.004512,0.002933,-0.000426,0.000457,-0.001500,0.002237,0.006282,0.009964,-0.000403,-0.000545,-0.000815,0.005620
2025-09-15 21:50 CT,-0.002223,-0.000575,0.003800,-0.001792,-0.007089,-0.001303,-0.001441,-0.011063,-0.010655,0.004089,0.002383,-0.002845,-0.002791,-0.000869,-0.005131,-0.018554,0.000000,-0.002438,-0.010066,-0.000367,-0.002128,-0.002834,-0.003706,-0.000373,0.005104,0.009378,-0.002118,-0.002725,-0.005094,0.003026
2025-09-15 21:55 CT,-0.002325,-0.000568,-0.001813,-0.002346,-0.007127,-0.001227,-0.001675,-0.012404,-0.009944,0.004543,0.001362,-0.003471,-0.001860,-0.000579,-0.004704,-0.046494,0.002009,-0.002670,-0.008678,-0.001833,-0.002128,-0.003138,-0.003618,-0.003774,0.001570,0.011136,-0.002354,-0.003815,-0.004890,0.004323
2025-09-15 22:00 CT,-0.001627,0.000382,-0.019430,0.000256,-0.004328,-0.000977,-0.000938,-0.041150,-0.016219,-0.000909,0.001702,-0.001678,0.000000,-0.000579,-0.004846,-0.057497,0.002009,-0.001974,-0.015620,-0.002566,-0.001277,-0.003534,-0.002647,-0.007968,-0.005889,0.004220,-0.001849,-0.002507,-0.004075,0.005620
2025-09-15 22:05 CT,-0.001978,-0.000154,-0.012003,-0.000640,-0.003918,-0.000717,-0.001575,-0.038719,-0.012549,0.005452,0.002043,-0.003243,-0.000930,-0.000869,-0.008124,-0.053074,0.004019,-0.002322,-0.003471,0.000000,-0.001277,-0.006673,-0.004324,-0.007828,-0.015312,0.006916,-0.002387,-0.004796,-0.004686,0.004756
2025-09-15 22:10 CT,-0.001463,0.000123,-0.016321,0.000128,-0.003769,-0.000673,-0.001441,-0.057828,-0.012904,0.009995,0.002043,-0.002703,-0.000930,-0.000869,-0.010120,-0.055016,0.002009,-0.002438,-0.006595,-0.000733,-0.001277,-0.004814,-0.005294,-0.008014,-0.014920,0.004806,-0.002421,-0.001635,-0.004890,0.005188
2025-09-15 22:15 CT,-0.001434,0.000214,-0.017530,0.001920,-0.003955,-0.000977,-0.000670,-0.053553,-0.016337,0.011358,0.003745,-0.001935,0.000930,0.000000,-0.007269,-0.058360,0.002009,-0.001974,-0.001388,0.002199,0.000000,-0.004753,-0.003706,-0.007082,-0.021594,0.004337,-0.001648,-0.000872,-0.003464,0.005188
2025-09-15 22:20 CT,-0.002067,0.000267,-0.012953,0.001024,-0.006492,-0.002183,-0.001307,-0.064281,-0.018468,0.003635,0.001702,-0.003585,-0.001860,0.000000,-0.008409,-0.051348,0.001340,-0.002902,-0.002777,-0.000367,-0.002979,-0.005545,-0.005824,-0.006477,-0.025520,0.005627,-0.003262,-0.003379,-0.004686,0.005620
2025-09-15 22:25 CT,-0.001160,0.000778,-0.008117,0.002602,-0.005410,-0.002009,-0.001139,-0.062689,-0.018823,0.002726,0.001021,-0.003414,0.000930,0.000290,-0.007412,-0.045200,0.001340,-0.002438,0.003818,0.002199,-0.002553,-0.004022,-0.005206,-0.006663,-0.025520,0.003165,-0.002387,-0.002834,-0.003464,0.007350
2025-09-15 22:30 CT,0.001143,0.002445,0.019775,0.004906,-0.000261,-0.000423,0.000905,-0.059420,-0.013496,0.004543,0.003745,-0.000711,0.002791,0.001158,-0.005986,-0.042611,0.004689,0.000000,-0.000694,0.007698,-0.001277,-0.001493,-0.004500,-0.005125,-0.014527,0.008557,-0.001580,-0.000872,0.000000,0.010808
2025-09-15 22:35 CT,0.000535,0.002399,0.018912,0.004991,0.000224,0.001086,0.001039,-0.062772,-0.010773,0.004543,0.003405,-0.001707,0.002791,0.001158,-0.006984,-0.042718,0.005358,0.000232,0.001736,0.007698,-0.002553,-0.002437,-0.004324,-0.004753,-0.010601,0.006095,-0.001849,-0.001744,0.000000,0.009079
2025-09-15 22:40 CT,0.000265,0.002801,0.018739,0.004181,0.001381,0.001477,0.000503,-0.061264,-0.010418,0.003180,0.002724,-0.001508,0.002791,0.001158,-0.006842,-0.038511,0.005358,0.000348,-0.003124,0.002933,-0.002553,-0.002072,-0.004853,-0.005964,-0.007067,0.005040,-0.002253,-0.002071,-0.000611,0.009944
2025-09-15 22:45 CT,0.000272,0.002321,0.008377,0.003370,-0.000336,0.000782,0.000000,-0.078193,-0.014088,-0.000909,0.000681,-0.002959,0.001860,0.001158,-0.008409,-0.045955,0.005358,-0.000348,-0.002430,0.004765,-0.003404,-0.003291,-0.004941,-0.006383,-0.012564,0.004220,-0.002623,-0.003270,-0.002037,0.009511
2025-09-15 22:50 CT,-0.000595,0.001781,0.011744,0.002218,-0.001455,0.000521,-0.001139,-0.074254,-0.016929,-0.002726,-0.001021,-0.004609,-0.000930,0.001158,-0.012543,-0.051780,0.002009,-0.002090,-0.008678,0.007698,-0.005532,-0.006063,-0.006618,-0.007222,-0.015312,0.001172,-0.003900,-0.005232,-0.004075,0.005188
2025-09-15 22:55 CT,-0.000831,0.001802,0.022712,0.002815,-0.003060,0.000282,-0.001809,-0.067549,-0.014325,-0.002726,-0.001021,-0.004438,-0.000930,0.001738,-0.011973,-0.049515,0.001340,-0.002090,-0.009372,0.007331,-0.005957,-0.006185,-0.006883,-0.009226,-0.010601,0.000703,-0.003665,-0.005995,-0.004482,0.005620
2025-09-15 23:00 CT,-0.000866,0.002177,0.025648,0.002090,-0.003880,-0.000652,-0.001709,-0.068220,-0.015390,-0.009541,-0.001021,-0.004865,-0.002791,0.002606,-0.015536,-0.055879,0.002009,-0.001974,-0.005554,0.004399,-0.006809,-0.009994,-0.006971,-0.009226,-0.018060,-0.001172,-0.004001,-0.006431,-0.005705,0.002594
2025-09-15 23:05 CT,-0.002011,0.001461,0.016667,0.000171,-0.007089,-0.001640,-0.003485,-0.074003,-0.016811,-0.010450,-0.002724,-0.007823,-0.004651,0.000869,-0.019812,-0.061489,0.002009,-0.004528,-0.007983,0.012463,-0.008936,-0.012096,-0.008912,-0.010810,-0.016490,-0.002930,-0.005346,-0.010028,-0.007539,0.000000
2025-09-15 23:10 CT,-0.003245,0.000090,0.020466,-0.001578,-0.011977,-0.002117,-0.004624,-0.080456,-0.021309,-0.009995,-0.003405,-0.009957,-0.008372,0.000579,-0.021380,-0.061165,0.002009,-0.006385,-0.010413,0.007331,-0.011064,-0.016636,-0.009883,-0.011462,-0.021594,-0.007971,-0.007835,-0.009701,-0.009780,-0.003459
2025-09-15 23:15 CT,-0.005667,-0.000306,0.024611,-0.003071,-0.016231,-0.002671,-0.005328,-0.070483,-0.020599,-0.008178,-0.002383,-0.009388,-0.008372,0.000869,-0.017674,-0.066775,0.004019,-0.006037,-0.013884,0.011730,-0.010213,-0.015539,-0.009265,-0.008434,-0.019238,-0.007385,-0.012071,-0.009701,-0.011206,-0.001729
2025-09-15 23:20 CT,-0.002743,0.001482,0.025302,-0.000341,-0.012649,0.000543,-0.002982,-0.059671,-0.014443,0.002726,-0.000340,-0.005377,-0.001860,0.001448,-0.005986,-0.063970,0.011386,-0.002554,-0.011801,0.015029,-0.006383,-0.011365,-0.004412,-0.006849,-0.015312,-0.007150,-0.009045,-0.006104,-0.006112,0.002162
2025-09-15 23:25 CT,-0.002321,0.001826,0.023489,0.000085,-0.013917,0.001651,-0.002580,-0.064449,-0.020362,0.000000,0.004426,-0.004666,-0.002791,0.002027,-0.006984,-0.056203,0.012056,-0.003599,-0.017008,0.012463,-0.005532,-0.011090,-0.002559,-0.005778,-0.016097,-0.005861,-0.009247,-0.006649,-0.006724,0.000865
2025-09-15 23:30 CT,-0.002345,0.001582,0.021934,-0.001194,-0.016790,0.001303,-0.003619,-0.064700,-0.025690,0.003180,0.004086,-0.006230,-0.005581,0.002027,-0.009835,-0.060734,0.009377,-0.005921,-0.012843,0.013930,-0.007234,-0.013101,-0.003177,-0.004846,-0.001570,-0.004689,-0.011701,-0.007848,-0.008354,0.000865
2025-09-15 23:35 CT,-0.002635,0.001628,0.019603,-0.002560,-0.017798,0.000413,-0.005059,-0.068052,-0.022730,0.005452,0.001702,-0.007112,-0.005581,0.000869,-0.007127,-0.058037,0.006698,-0.006965,-0.014578,0.011364,-0.008085,-0.014076,-0.004059,0.001771,0.006675,-0.007385,-0.013215,-0.010355,-0.009372,-0.000432
2025-09-15 23:40 CT,-0.002285,0.002318,0.010190,-0.002176,-0.015186,0.002063,-0.004322,-0.073416,-0.028294,0.009541,0.001021,-0.007198,-0.005581,0.000869,-0.008837,-0.055340,0.005358,-0.005921,-0.016314,0.002566,-0.008085,-0.013954,-0.002912,-0.001258,0.001178,-0.009846,-0.012542,-0.009483,-0.008354,0.000000
2025-09-15 23:45 CT,-0.002082,0.002849,0.019516,-0.002304,-0.013805,0.003345,-0.004054,-0.069309,-0.026282,0.008178,0.000681,-0.005121,-0.005581,0.001158,-0.007982,-0.055771,0.007368,-0.005224,-0.014578,0.006598,-0.008511,-0.013223,-0.003265,-0.000932,0.001570,-0.005509,-0.011903,-0.009156,-0.008150,-0.003891
2025-09-15 23:50 CT,-0.001830,0.003042,0.025907,-0.001024,-0.011194,0.002726,-0.002278,-0.066125,-0.020125,0.010904,0.000000,-0.004666,-0.003721,0.001448,-0.007982,-0.055663,0.006698,-0.003715,-0.011801,0.005132,-0.006809,-0.011883,-0.002735,-0.001165,0.003141,-0.001055,-0.011298,-0.009374,-0.007131,-0.002594
2025-09-15 23:55 CT,-0.001240,0.003503,0.026166,0.000299,-0.010335,0.003279,-0.001106,-0.064868,-0.018942,0.010450,0.001702,-0.004068,-0.002791,0.002896,-0.005131,-0.054908,0.006028,-0.002438,-0.008330,0.006598,-0.006383,-0.011151,-0.001853,0.000513,0.008638,0.004103,-0.009482,-0.007848,-0.004890,0.000000
2025-09-16 00:00 CT,-0.001196,0.003994,0.036615,0.004309,-0.008843,0.003529,0.000436,-0.066041,-0.015864,0.011813,0.002383,-0.002390,0.000000,0.003186,-0.001710,-0.054585,0.008038,-0.001509,-0.003818,0.009897,-0.005106,-0.009628,-0.000794,0.003774,0.018453,0.012308,-0.009785,-0.006431,-0.003667,0.000865
2025-09-16 00:05 CT,0.000210,0.005649,0.031088,0.005460,-0.004627,0.003421,0.001307,-0.047184,-0.013022,0.016356,0.006469,-0.001735,0.001860,0.003765,0.002566,-0.054369,0.010717,-0.000464,-0.002083,0.007331,-0.002979,-0.007221,0.002471,0.004846,0.023165,0.020279,-0.008843,-0.004251,-0.001222,0.003459
2025-09-16 00:10 CT,0.000853,0.006312,0.028843,0.004778,-0.004291,0.004029,0.001876,-0.056990,-0.010773,0.016811,0.005448,-0.002134,0.001860,0.004054,0.002566,-0.062675,0.009377,-0.000348,0.000347,0.009164,-0.002128,-0.007130,0.001765,0.004100,0.023557,0.018638,-0.009516,-0.004142,-0.001630,0.004323
2025-09-16 00:15 CT,-0.000709,0.004920,0.024525,0.002432,-0.007127,0.004550,0.001139,-0.051207,-0.014798,0.013630,0.004426,-0.003983,-0.000930,0.002606,-0.001995,-0.060518,0.004689,-0.001741,-0.008678,0.005499,-0.004681,-0.010390,0.000971,-0.000140,0.023950,0.013011,-0.012071,-0.005995,-0.004075,-0.001297
2025-09-16 00:20 CT,-0.002391,0.004471,0.021071,0.002005,-0.005858,0.004963,0.000603,-0.047184,-0.016337,0.016811,0.004426,-0.005121,-0.000930,0.002896,-0.001140,-0.063323,0.005358,-0.002322,-0.012496,0.002566,-0.005106,-0.010572,0.000706,0.000000,0.025913,0.007854,-0.012609,-0.005341,-0.004686,-0.002162
2025-09-16 00:25 CT,-0.000959,0.005546,0.021503,0.003071,-0.003582,0.006179,0.002278,-0.039306,-0.013733,0.020445,0.005107,-0.003442,0.000000,0.003765,0.000285,-0.056419,0.004689,-0.001277,-0.006595,0.004399,-0.003404,-0.008805,0.003000,0.003122,0.031802,0.009026,-0.011096,-0.004796,-0.003260,-0.001297
2025-09-16 00:30 CT,0.000385,0.005692,0.022193,0.003925,-0.003246,0.006472,0.002614,-0.052380,-0.004262,0.019082,0.004767,-0.002703,0.001860,0.004054,0.000570,-0.052643,0.006698,-0.000116,-0.008330,-0.001100,-0.002128,-0.006581,0.005647,0.003914,0.035336,0.011253,-0.009079,-0.003706,-0.002037,0.000432
2025-09-16 00:35 CT,0.000071,0.005863,0.020035,0.005631,-0.002798,0.005962,0.003954,-0.048190,-0.005919,0.012267,0.006469,-0.002873,0.001860,0.003765,0.000570,-0.047896,0.008707,-0.000580,-0.011107,-0.003666,-0.002128,-0.005576,0.005383,0.004799,0.038084,0.008440,-0.009247,-0.004033,-0.001019,0.000865
2025-09-16 00:40 CT,0.000663,0.006485,0.026598,0.006740,0.000560,0.008264,0.004289,-0.045256,-0.009234,0.012721,0.009874,-0.000654,0.003721,0.004054,0.004704,-0.049083,0.009377,0.000580,-0.013190,0.001833,0.000000,-0.001798,0.007059,0.003495,0.043188,0.010315,-0.007935,-0.002507,0.001222,0.001297
2025-09-16 00:45 CT,0.000652,0.006435,0.019689,0.007679,0.000149,0.008296,0.004289,-0.036457,-0.002368,0.014539,0.009874,0.000512,0.002791,0.004054,0.001853,-0.052104,0.008038,0.001161,-0.012149,-0.002199,0.000000,-0.002864,0.006706,0.005265,0.034550,0.011722,-0.009079,-0.002507,0.002037,0.002162
2025-09-16 00:50 CT,0.001074,0.006743,0.017703,0.008532,0.000522,0.008633,0.006869,-0.024640,-0.004499,0.015902,0.011576,0.001223,0.003721,0.004054,0.004276,-0.062136,0.007368,0.001857,-0.011454,-0.003299,0.000851,-0.002529,0.008647,0.007036,0.033765,0.014418,-0.008238,-0.002616,0.002852,0.003026
2025-09-16 00:55 CT,0.001056,0.007270,0.018826,0.009086,0.000112,0.009588,0.006802,-0.024556,-0.003907,0.014085,0.010555,0.002077,0.002791,0.004344,0.004704,-0.059978,0.007368,0.002438,-0.015620,-0.003666,0.002128,0.001402,0.008030,0.004706,0.030232,0.014301,-0.008070,-0.003161,0.004075,0.003459
2025-09-16 01:00 CT,0.001388,0.007065,0.021503,0.010238,0.002164,0.011847,0.005864,-0.020617,-0.002841,0.013630,0.012598,0.002646,0.003721,0.005502,0.004989,-0.056742,0.007368,0.003134,-0.015967,-0.003299,0.001702,0.003321,0.009441,0.006430,0.050648,0.015473,-0.006927,-0.002725,0.004686,0.005188
2025-09-16 01:05 CT,0.001317,0.007178,0.023230,0.008318,0.000187,0.011543,0.005830,-0.001257,-0.002013,0.014085,0.012257,0.001394,0.001860,0.003475,0.004846,-0.053074,0.006698,0.002206,-0.015620,-0.001466,0.001277,0.001249,0.009353,0.003867,0.048685,0.018521,-0.007128,-0.003488,0.004279,0.003026
2025-09-16 01:10 CT,0.002305,0.007865,0.034715,0.010366,0.004776,0.011956,0.006065,-0.008465,-0.002604,0.014539,0.014641,0.003869,0.004651,0.004634,0.008694,-0.053722,0.012056,0.004063,-0.014925,-0.001833,0.003404,0.009902,0.008647,0.003867,0.050648,0.022037,-0.004943,-0.001744,0.006316,0.007782
2025-09-16 01:15 CT,0.001233,0.007003,0.044560,0.008788,0.004030,0.011087,0.004021,-0.000168,-0.003315,0.019537,0.012938,0.001394,0.002791,0.004054,0.003991,-0.052104,0.012056,0.002786,-0.011107,-0.002199,0.000851,0.006063,0.007765,0.004473,0.045936,0.027547,-0.005918,-0.002616,0.005297,0.005620
2025-09-16 01:20 CT,0.000278,0.006758,0.039724,0.006953,0.001082,0.011022,0.003250,-0.004107,-0.011365,0.014993,0.013279,0.000171,0.001860,0.003186,0.000143,-0.052859,0.009377,0.001625,-0.014578,-0.001833,-0.000426,0.006155,0.007677,0.004753,0.046722,0.022037,-0.007465,-0.004469,0.003464,0.000865
2025-09-16 01:25 CT,-0.001899,0.005427,0.037997,0.006313,-0.003694,0.010218,0.002077,-0.027405,-0.010300,0.010904,0.008853,-0.000711,-0.000930,0.002027,0.000570,-0.057389,0.006698,0.000116,-0.018743,-0.005132,-0.001702,0.004753,0.005735,0.004193,0.053004,0.017583,-0.009011,-0.006540,0.001222,-0.001297
2025-09-16 01:30 CT,-0.005718,0.004670,0.027116,0.002346,-0.009813,0.007580,-0.000570,-0.043664,-0.017521,0.006815,0.004426,-0.003072,-0.006512,0.001158,-0.001995,-0.069687,0.004689,-0.001509,-0.033669,-0.006598,-0.005957,0.001219,0.003794,0.000233,0.044366,0.007150,-0.010457,-0.008720,-0.002649,-0.004756
2025-09-16 01:35 CT,-0.006021,0.005119,0.015458,0.002090,-0.008619,0.007504,-0.001441,-0.036624,-0.021191,0.004998,0.003745,-0.003158,-0.006512,-0.000290,-0.005844,-0.070442,0.004019,-0.002090,-0.032280,-0.009531,-0.006809,-0.001280,0.003088,0.000466,0.043581,0.007268,-0.010827,-0.009483,-0.002852,-0.005188
2025-09-16 01:40 CT,-0.003987,0.006020,0.020639,0.003455,-0.005336,0.007829,-0.000402,-0.032518,-0.015390,0.009087,0.006469,-0.001991,-0.004651,0.000579,-0.007412,-0.067530,0.005358,-0.000580,-0.031239,-0.010264,-0.005106,0.000122,0.003794,-0.000140,0.053789,0.010315,-0.008440,-0.008502,-0.000407,-0.003459
2025-09-16 01:45 CT,-0.004168,0.005601,0.022712,0.005332,-0.004925,0.007808,0.000134,-0.040060,-0.016100,0.008178,0.011917,-0.000228,-0.001860,0.000579,-0.006556,-0.064833,0.007368,0.001393,-0.041305,-0.009531,-0.004255,0.001341,0.003530,-0.000373,0.048292,0.009378,-0.007835,-0.007848,0.000815,-0.000865
2025-09-16 01:50 CT,-0.004224,0.005664,0.016667,0.005460,-0.006380,0.006950,-0.000335,-0.049866,-0.019889,0.009995,0.011917,-0.000853,-0.001860,0.000000,-0.005274,-0.067314,0.006698,0.001625,-0.044429,-0.007331,-0.004255,0.000884,0.004059,0.001910,0.064389,0.009612,-0.009314,-0.007521,0.001222,-0.001297
2025-09-16 01:55 CT,-0.003477,0.005825,0.019344,0.006185,-0.006343,0.007384,-0.000268,-0.049698,-0.022256,0.011358,0.011236,-0.001394,-0.000930,0.000290,-0.005131,-0.062352,0.007368,0.001741,-0.041652,-0.012830,-0.004255,0.001219,0.004588,0.001864,0.047899,0.011253,-0.010356,-0.007194,0.001834,-0.000865
2025-09-16 02:00 CT,-0.003105,0.006604,0.024093,0.007849,-0.004515,0.010218,0.000972,-0.044754,-0.010418,0.014993,0.016343,0.001109,0.001860,0.000290,-0.001140,-0.055448,0.009377,0.002322,-0.041999,-0.007698,-0.002128,0.004844,0.008383,0.003867,0.045936,0.015590,-0.008204,-0.005450,0.004482,0.000432
2025-09-16 02:05 CT,-0.004131,0.005533,0.016926,0.006783,-0.005858,0.010088,0.000067,-0.047519,-0.012430,0.013630,0.014981,-0.000028,0.000000,-0.000290,-0.004846,-0.057282,0.009377,0.001045,-0.046165,-0.008431,-0.002979,0.003016,0.008647,0.000978,0.045544,0.017700,-0.008843,-0.006540,0.003056,-0.001729
2025-09-16 02:10 CT,-0.004095,0.006278,0.007686,0.007039,-0.004477,0.011673,0.000905,-0.048776,-0.013733,0.012267,0.016003,0.000541,0.000000,0.000000,-0.004133,-0.056203,0.007368,0.001393,-0.050330,-0.007331,-0.002979,0.002773,0.010677,0.000047,0.047114,0.012542,-0.008473,-0.005995,0.003871,-0.001297
2025-09-16 02:15 CT,-0.003096,0.006562,0.022280,0.008020,-0.001269,0.010045,0.002412,-0.048022,-0.011010,0.013630,0.020429,0.002532,0.001860,0.000579,-0.003991,-0.055232,0.008038,0.001857,-0.039570,-0.003666,-0.000851,0.004266,0.012706,0.002702,0.054967,0.021451,-0.006927,-0.004796,0.006112,0.000432
2025-09-16 02:20 CT,-0.003207,0.006237,0.026943,0.007039,-0.001231,0.011315,0.001575,-0.046597,-0.006748,0.012267,0.022472,0.002077,0.000930,0.000869,-0.004704,-0.053074,0.007368,0.001857,-0.043388,-0.006232,-0.001702,0.001737,0.013677,0.003867,0.049863,0.016762,-0.006691,-0.005014,0.006520,0.000432
2025-09-16 02:25 CT,-0.003096,0.006382,0.048014,0.007380,-0.000970,0.010327,0.003150,-0.045927,-0.011010,0.013630,0.024855,0.003698,0.002791,0.001738,-0.000713,-0.054908,0.006698,0.003018,-0.037140,-0.004765,-0.001277,0.002925,0.013236,0.004007,0.053396,0.021686,-0.006590,-0.003815,0.006927,0.000865
2025-09-16 02:30 CT,-0.002681,0.006216,0.047668,0.007337,-0.001007,0.010609,0.003619,-0.043748,-0.014206,0.014539,0.024515,0.003869,0.002791,0.002317,-0.003136,-0.059331,0.006028,0.003134,-0.038181,-0.001100,-0.001277,0.002529,0.012177,0.001538,0.053789,0.020982,-0.005952,-0.002289,0.007539,0.001729
2025-09-16 02:35 CT,-0.004084,0.005472,0.038687,0.005034,-0.004216,0.009013,0.003049,-0.055732,-0.023914,0.012267,0.022131,0.001536,0.000930,0.001738,-0.004989,-0.054261,0.006028,0.001393,-0.043041,-0.005132,-0.003830,0.000366,0.011824,0.001398,0.050648,0.019107,-0.007969,-0.002289,0.006520,-0.000432
2025-09-16 02:40 CT,-0.003253,0.006084,0.048705,0.006271,-0.003172,0.009654,0.004054,-0.054559,-0.019060,0.024080,0.023493,0.002532,0.000930,0.002027,-0.004276,-0.050701,0.005358,0.002438,-0.041652,-0.004032,-0.002553,0.002133,0.013589,0.004986,0.053004,0.019693,-0.006658,-0.001853,0.008150,0.000432
2025-09-16 02:45 CT,-0.002075,0.006275,0.036010,0.007295,-0.000037,0.010870,0.009114,-0.049531,-0.022020,0.018174,0.039156,0.005263,0.002791,0.002317,-0.003991,-0.046710,0.007368,0.005572,-0.033322,-0.002566,0.000851,0.005027,0.015265,0.007735,0.049077,0.019927,-0.003833,0.000218,0.013651,0.004323
2025-09-16 02:50 CT,-0.002135,0.005908,0.039896,0.005844,-0.001567,0.010511,0.008578,-0.052799,-0.027465,0.019537,0.038475,0.004808,0.003721,0.000869,-0.003706,-0.048436,0.006028,0.004992,-0.032628,-0.005132,0.000426,0.002316,0.013236,0.008713,0.045936,0.014652,-0.004573,0.000872,0.019356,0.003459
2025-09-16 02:55 CT,-0.002581,0.006431,0.048187,0.005759,-0.001119,0.010848,0.007841,-0.057325,-0.029833,0.020445,0.042901,0.005121,0.002791,0.000869,-0.003991,-0.045200,0.005358,0.005224,-0.031933,-0.004399,-0.000426,0.002041,0.012883,0.006989,0.048685,0.012308,-0.006456,-0.000327,0.003667,0.001729
2025-09-16 03:00 CT,-0.001127,0.006431,0.054059,0.007636,0.002201,0.012596,0.007639,-0.050955,-0.029241,0.023171,0.043922,0.008421,0.005581,0.001448,0.001710,-0.037648,0.008707,0.007894,-0.034363,-0.001833,0.003830,0.005210,0.013412,0.005731,0.048685,0.017700,-0.004270,0.010355,0.009576,0.005620
2025-09-16 03:05 CT,0.000203,0.007036,0.069689,0.010195,0.004328,0.013530,0.009884,-0.051291,-0.029241,0.024534,0.050732,0.010270,0.005581,0.001158,0.003278,-0.027508,0.010047,0.009752,-0.034016,-0.001833,0.005957,0.010024,0.013942,0.005545,0.051433,0.016176,-0.001446,0.010464,0.012225,0.008647
2025-09-16 03:10 CT,0.000683,0.007365,0.058981,0.009982,0.004067,0.012705,0.010521,-0.056487,-0.023440,0.021354,0.052775,0.014111,0.008372,0.002317,0.005416,-0.027400,0.009377,0.011029,-0.035404,-0.003666,0.007660,0.011669,0.014824,0.004380,0.043188,0.013480,-0.000101,0.012862,0.014059,0.011241
2025-09-16 03:15 CT,-0.000126,0.006913,0.064508,0.008745,0.002313,0.012575,0.013135,-0.061599,-0.027229,0.021354,0.052775,0.012660,0.005581,0.002027,0.002708,-0.034736,0.008038,0.010912,-0.037487,-0.005865,0.005957,0.009689,0.015353,-0.002796,0.045151,0.011722,-0.000672,0.015261,0.012836,0.009511
2025-09-16 03:20 CT,-0.001165,0.006257,0.055872,0.007039,0.000149,0.010826,0.011593,-0.062856,-0.026637,0.019082,0.049370,0.014537,0.005581,0.001158,0.003706,-0.041532,0.006698,0.010912,-0.037140,-0.006598,0.005532,0.008623,0.013147,0.003029,0.045936,0.017700,-0.003060,0.015043,0.013447,0.009511
2025-09-16 03:25 CT,-0.002449,0.005695,0.050173,0.006228,-0.003321,0.009523,0.011962,-0.067130,-0.025098,0.016356,0.046987,0.012517,0.004651,0.000869,0.001140,-0.032362,0.006028,0.008707,-0.039570,-0.006232,0.004681,0.006094,0.011824,0.002050,0.046329,0.014770,-0.004539,0.012317,0.011410,0.008214
2025-09-16 03:30 CT,-0.004604,0.004346,0.052677,0.003797,-0.005298,0.008459,0.012230,-0.068136,-0.030543,0.009995,0.041539,0.009360,0.000930,0.000290,0.000570,-0.042071,0.005358,0.006153,-0.045470,-0.005865,0.002553,0.003534,0.010147,0.004147,0.043581,0.010433,-0.005313,0.011990,0.008557,0.005188
2025-09-16 03:35 CT,-0.003516,0.004560,0.065803,0.004863,-0.002910,0.009762,0.015178,-0.063610,-0.029596,0.009541,0.041539,0.009957,0.002791,0.000869,0.003563,-0.042287,0.008038,0.008591,-0.041652,-0.006232,0.004681,0.006124,0.011912,0.004240,0.042403,0.011605,-0.003194,0.012426,0.010391,0.006053
2025-09-16 03:40 CT,-0.004442,0.004495,0.073489,0.003626,-0.004627,0.009284,0.012665,-0.057911,-0.025690,0.009087,0.038134,0.008449,0.001860,0.000579,0.003278,-0.035059,0.006698,0.008358,-0.041652,-0.004399,0.002979,0.004601,0.010765,0.003681,0.048685,0.012894,-0.004169,0.011009,0.008965,0.004323
2025-09-16 03:45 CT,-0.002595,0.005086,0.064767,0.006100,-0.002649,0.010294,0.018060,-0.064700,-0.031017,0.008178,0.043241,0.013598,0.006512,0.000869,0.001853,-0.042071,0.008707,0.011493,-0.045123,-0.004032,0.006809,0.007465,0.012089,0.001631,0.047114,0.012191,-0.001614,0.011881,0.011206,0.007782
2025-09-16 03:50 CT,-0.003245,0.004954,0.063731,0.007209,-0.002686,0.009892,0.018998,-0.067298,-0.029241,0.003180,0.041879,0.014054,0.006512,0.001158,0.001995,-0.038727,0.008038,0.011377,-0.043388,-0.004032,0.005957,0.007739,0.010236,0.001444,0.051040,0.009964,-0.001076,0.010900,0.011206,0.007350
2025-09-16 03:55 CT,-0.002860,0.004856,0.080138,0.007167,-0.002537,0.011619,0.016854,-0.078277,-0.029951,0.002272,0.042220,0.014139,0.007442,0.000869,0.001283,-0.041424,0.008707,0.011261,-0.050330,-0.003666,0.007660,0.009019,0.011030,0.000280,0.059678,0.013011,-0.000572,0.016896,0.013040,0.008647
2025-09-16 04:00 CT,-0.002780,0.005290,0.077288,0.007380,-0.002948,0.010305,0.016720,-0.069980,-0.032556,0.005452,0.039156,0.015021,0.008372,0.001158,0.002281,-0.058252,0.007368,0.011145,-0.051371,-0.005499,0.008085,0.009537,0.011118,-0.001211,0.067923,0.012542,-0.000403,0.017114,0.013244,0.009511
2025-09-16 04:05 CT,-0.002869,0.004817,0.087737,0.006825,-0.003395,0.009404,0.016619,-0.069896,-0.028886,0.003180,0.038475,0.013485,0.009302,0.001158,0.001568,-0.061597,0.006698,0.010100,-0.049983,-0.004399,0.008085,0.009628,0.010677,-0.001398,0.066353,0.013363,-0.000134,0.012644,0.012225,0.009079
2025-09-16 04:10 CT,-0.003205,0.004452,0.080915,0.005759,-0.004851,0.008535,0.015949,-0.073751,-0.032674,0.001817,0.038475,0.011778,0.005581,0.000869,0.001140,-0.062028,0.005358,0.010332,-0.061090,-0.002566,0.007660,0.008287,0.011030,-0.001771,0.066353,0.011019,-0.000672,0.013080,0.011410,0.007782
2025-09-16 04:15 CT,-0.002688,0.005039,0.082124,0.007209,-0.003209,0.008839,0.017356,-0.072075,-0.032319,0.004543,0.040518,0.013769,0.007442,0.001448,0.002851,-0.060194,0.006028,0.011609,-0.062825,-0.001466,0.008511,0.013162,0.011647,-0.000140,0.056537,0.008791,0.001110,0.015806,0.013855,0.010808
2025-09-16 04:20 CT,-0.003092,0.004909,0.064767,0.006612,-0.004552,0.008839,0.016854,-0.074086,-0.037410,0.004543,0.042220,0.014936,0.005581,0.001738,0.004561,-0.062352,0.004689,0.011029,-0.062478,-0.001100,0.008511,0.011212,0.012883,0.001491,0.051040,0.006447,0.001076,0.015588,0.012836,0.010376
2025-09-16 04:25 CT,-0.003881,0.004345,0.067012,0.005546,-0.007836,0.008437,0.014743,-0.082300,-0.039896,0.003635,0.041539,0.013030,0.003721,0.001158,0.000713,-0.063862,0.001340,0.008823,-0.074280,-0.001833,0.007234,0.006703,0.012265,-0.000419,0.040832,0.003165,-0.000134,0.013625,0.011410,0.007350
2025-09-16 04:30 CT,-0.004148,0.003943,0.050604,0.004351,-0.008283,0.008133,0.015044,-0.113309,-0.043092,-0.004543,0.039837,0.012574,0.001860,0.000290,-0.000855,-0.071629,0.001340,0.008126,-0.078445,-0.004032,0.005532,0.005027,0.011383,-0.001957,0.030624,-0.003517,-0.001143,0.011881,0.009169,0.003459
2025-09-16 04:35 CT,-0.003691,0.004216,0.044732,0.004607,-0.006791,0.007992,0.015379,-0.159236,-0.041316,-0.002272,0.051413,0.014907,0.002791,0.001158,0.002566,-0.101079,0.003349,0.010100,-0.082957,-0.001833,0.008511,0.008348,0.013589,-0.000932,0.025520,-0.005275,0.001110,0.014170,0.011206,0.004756
2025-09-16 04:40 CT,-0.004031,0.003685,0.045250,0.002730,-0.009253,0.007384,0.012933,-0.166946,-0.040725,-0.005906,0.045965,0.014253,0.001860,0.000579,0.001283,-0.105394,0.001340,0.009055,-0.082610,-0.004032,0.007660,0.006520,0.012706,-0.002376,0.027091,-0.008088,-0.000572,0.013625,0.011410,0.002162
2025-09-16 04:45 CT,-0.002398,0.003860,0.045682,0.004266,-0.007388,0.008275,0.014743,-0.160325,-0.038594,-0.000454,0.050051,0.016045,0.003721,0.000869,0.009265,-0.101726,0.004019,0.010100,-0.079139,-0.003299,0.010638,0.008958,0.014471,-0.001118,0.034550,-0.006330,0.002186,0.017441,0.014262,0.005188
2025-09-16 04:50 CT,-0.002995,0.003189,0.033938,0.002090,-0.009738,0.007884,0.013503,-0.161498,-0.043566,-0.001363,0.042220,0.012830,0.002791,0.000000,0.006414,-0.105394,0.004689,0.008358,-0.078445,-0.005865,0.008511,0.005880,0.013589,-0.001305,0.032587,-0.008791,-0.000235,0.013734,0.011410,0.003459
2025-09-16 04:55 CT,-0.002928,0.003279,0.026339,0.003797,-0.008022,0.008557,0.015078,-0.159487,-0.040843,0.000000,0.043241,0.014879,0.004651,0.000000,0.004561,-0.109601,0.005358,0.009752,-0.078445,-0.004032,0.009362,0.008013,0.014647,-0.002050,0.031802,-0.009729,-0.002152,0.016242,0.013244,0.005620
2025-09-16 05:00 CT,-0.002769,0.003398,0.017098,0.004010,-0.008843,0.008872,0.015279,-0.161834,-0.040369,-0.003180,0.041539,0.013371,0.002791,0.000000,0.003278,-0.103452,0.004019,0.011145,-0.074627,-0.009164,0.008936,0.007526,0.014647,-0.007082,0.033373,-0.008909,-0.004304,0.016896,0.012225,0.003891
2025-09-16 05:05 CT,-0.003247,0.002974,0.020207,0.003029,-0.011641,0.007970,0.014106,-0.141720,-0.033621,-0.002272,0.044944,0.013286,0.000930,0.000000,0.001995,-0.104207,0.001340,0.010216,-0.073933,-0.012830,0.007234,0.006002,0.014118,-0.008806,0.038869,-0.011136,-0.006927,0.013189,0.008761,0.002162
2025-09-16 05:10 CT,-0.003152,0.003007,0.049741,0.002943,-0.012985,0.007612,0.014944,-0.127556,-0.035042,-0.001363,0.042560,0.013712,0.000000,0.000290,0.002138,-0.093851,0.002679,0.012073,-0.069767,-0.011730,0.006809,0.005941,0.014206,-0.008014,0.045544,-0.008674,-0.007498,0.012862,0.008150,0.002594
2025-09-16 05:15 CT,-0.003039,0.003703,0.069948,0.003327,-0.011194,0.007862,0.015178,-0.147838,-0.035634,0.000909,0.041199,0.014423,0.000930,0.000869,0.002566,-0.098490,0.002679,0.013118,-0.070809,-0.010264,0.008085,0.008531,0.014030,-0.007781,0.037691,-0.003399,-0.007229,0.013189,0.009372,0.003891
2025-09-16 05:20 CT,-0.003028,0.003623,0.070725,0.004991,-0.011119,0.007493,0.016351,-0.158733,-0.035397,0.002726,0.045965,0.015817,0.001860,0.000579,0.002281,-0.102805,0.002679,0.013815,-0.071156,-0.008798,0.008936,0.009628,0.014824,-0.010903,0.036906,-0.002344,-0.006557,0.014934,0.009984,0.004756
2025-09-16 05:25 CT,-0.003353,0.003573,0.066839,0.004906,-0.013134,0.006961,0.016251,-0.176752,-0.031017,0.000909,0.044603,0.014253,-0.000930,0.000869,0.001140,-0.104531,0.002679,0.013002,-0.071850,-0.009531,0.006383,0.008623,0.014295,-0.010763,0.031410,-0.001524,-0.008574,0.012753,0.008354,0.003459
2025-09-16 05:30 CT,-0.003939,0.003398,0.074698,0.004564,-0.014179,0.006168,0.015212,-0.185300,-0.032674,0.000454,0.044263,0.015675,0.000000,0.000869,0.001425,-0.103668,0.002679,0.011493,-0.076709,-0.009897,0.005957,0.008623,0.013147,-0.011695,0.031802,-0.002813,-0.009348,0.011445,0.007742,0.003459
2025-09-16 05:35 CT,-0.003808,0.003216,0.086183,0.005204,-0.014029,0.005571,0.015681,-0.191083,-0.033029,0.002272,0.045965,0.016244,0.000930,0.000869,0.000285,-0.111435,0.001340,0.011725,-0.074627,-0.013563,0.005532,0.011090,0.011559,-0.012580,0.027876,-0.001876,-0.009045,0.011663,0.006724,0.003459
2025-09-16 05:40 CT,-0.005063,0.002914,0.099741,0.005076,-0.014067,0.005332,0.015413,-0.184211,-0.037765,0.003635,0.044944,0.015476,0.000930,0.001158,0.001568,-0.135275,0.001340,0.011029,-0.076015,-0.009164,0.003830,0.008683,0.010677,-0.012813,0.028661,-0.003048,-0.009213,0.010464,0.006112,0.003459
2025-09-16 05:45 CT,-0.004062,0.002858,0.095769,0.005418,-0.013097,0.006114,0.014776,-0.185635,-0.035397,0.005452,0.042560,0.015419,0.003721,0.001448,0.004846,-0.141424,0.004019,0.010796,-0.076015,-0.008431,0.005532,0.010512,0.011383,-0.012208,0.022379,-0.003751,-0.009213,0.011990,0.007131,0.004323
2025-09-16 05:50 CT,-0.004407,0.002717,0.133420,0.004692,-0.014067,0.006070,0.011861,-0.187395,-0.042737,0.003635,0.043582,0.015192,0.002791,0.001738,0.005559,-0.147573,0.002679,0.009403,-0.079833,-0.009164,0.004255,0.009750,0.009971,-0.011183,0.023950,-0.007150,-0.009112,0.011336,0.005909,0.002594
2025-09-16 05:55 CT,-0.005700,0.002369,0.142401,0.003541,-0.016119,0.004984,0.012565,-0.185551,-0.044394,-0.000454,0.044263,0.015163,0.000930,0.000290,0.000428,-0.145955,0.000670,0.008358,-0.081569,-0.011730,0.002979,0.008379,0.008118,-0.011229,0.029054,-0.010901,-0.010155,0.010028,0.004279,0.001297
2025-09-16 06:00 CT,-0.005886,0.001565,0.112263,0.002687,-0.014477,0.004593,0.013135,-0.177171,-0.045460,0.002272,0.040858,0.014281,0.000930,0.000579,0.000570,-0.151133,0.002679,0.007778,-0.080528,-0.011730,0.002979,0.007830,0.007765,-0.008806,0.052611,-0.011488,-0.010861,0.009919,0.004482,0.004756
2025-09-16 06:05 CT,-0.006306,0.001670,0.122798,0.003967,-0.014029,0.005017,0.014374,-0.175578,-0.050077,0.000000,0.039496,0.014025,0.001860,0.000579,-0.000570,-0.148436,0.002679,0.008126,-0.080528,-0.010630,0.002128,0.006794,0.007147,-0.009132,0.047899,-0.019107,-0.010827,0.008284,0.004075,0.005188
2025-09-16 06:10 CT,-0.006085,0.001256,0.132815,0.004053,-0.013955,0.005842,0.014307,-0.166946,-0.048893,0.003180,0.036091,0.012631,0.001860,0.000290,0.000428,-0.147249,0.003349,0.007546,-0.077404,-0.012097,0.000851,0.006216,0.006971,-0.008434,0.044366,-0.018872,-0.010928,0.007957,0.003464,0.004323
2025-09-16 06:15 CT,-0.005919,0.001292,0.161399,0.003754,-0.013059,0.006048,0.014642,-0.160325,-0.051261,0.004998,0.038134,0.011579,0.000930,0.000579,-0.000570,-0.143581,0.002009,0.008242,-0.079486,-0.014296,0.001277,0.006063,0.006618,-0.010530,0.040832,-0.021803,-0.011399,0.008175,0.003667,0.003459
2025-09-16 06:20 CT,-0.005280,0.001944,0.123316,0.004906,-0.010709,0.006461,0.015245,-0.156973,-0.040014,0.005452,0.040858,0.013371,0.002791,0.001738,0.005131,-0.139374,0.004689,0.009752,-0.076015,-0.012830,0.002553,0.009232,0.008206,-0.010437,0.035336,-0.024616,-0.009180,0.011227,0.006316,0.004756
2025-09-16 06:25 CT,-0.005207,0.001989,0.141623,0.004778,-0.010559,0.006591,0.014810,-0.161582,-0.041553,0.004089,0.040518,0.014167,0.002791,0.002027,0.002423,-0.136677,0.004019,0.010448,-0.077751,-0.011730,0.003830,0.009719,0.009000,-0.009878,0.044366,-0.027664,-0.008742,0.011445,0.005705,0.005188
2025-09-16 06:30 CT,-0.005136,0.002761,0.139551,0.004906,-0.010709,0.007384,0.015446,-0.169544,-0.045933,0.003635,0.040177,0.016017,0.004651,0.002027,0.005559,-0.139159,0.003349,0.010100,-0.078792,-0.012097,0.006383,0.009354,0.009618,-0.011136,0.043973,-0.031063,-0.007902,0.011554,0.004075,0.005188
2025-09-16 06:35 CT,-0.004566,0.002392,0.155527,0.005972,-0.010373,0.007384,0.015379,-0.153704,-0.048538,0.002726,0.039837,0.016102,0.002791,0.002027,0.003706,-0.135383,0.004689,0.010680,-0.077404,-0.012830,0.006809,0.009933,0.010147,-0.010297,0.051040,-0.027195,-0.008272,0.011772,0.004686,0.005188
2025-09-16 06:40 CT,-0.005276,0.002144,0.149223,0.005076,-0.011380,0.007156,0.015379,-0.158230,-0.045460,0.004543,0.037453,0.016130,0.003721,0.002027,0.005844,-0.133118,0.006028,0.009868,-0.079486,-0.011364,0.005957,0.010207,0.010059,-0.010763,0.050255,-0.024499,-0.007364,0.012099,0.004890,0.005620
2025-09-16 06:45 CT,-0.005753,0.002017,0.141278,0.004223,-0.013731,0.007189,0.014709,-0.161498,-0.045933,0.001363,0.037453,0.015135,0.001860,0.002027,0.002851,-0.134951,0.003349,0.008939,-0.079139,-0.015029,0.003830,0.008501,0.008912,-0.012720,0.042795,-0.023092,-0.008776,0.011445,0.003056,0.004323
2025-09-16 06:50 CT,-0.005002,0.001906,0.150000,0.004394,-0.011791,0.007764,0.015513,-0.155632,-0.036226,0.004089,0.034389,0.017041,0.001860,0.002317,0.004276,-0.136354,0.005358,0.010332,-0.074627,-0.013563,0.004681,0.009476,0.008824,-0.010064,0.045936,-0.022975,-0.008574,0.010246,0.004075,0.004756
2025-09-16 06:55 CT,-0.005145,0.001633,0.143869,0.004053,-0.012761,0.007145,0.014877,-0.156470,-0.041198,0.003635,0.036432,0.016358,0.000930,0.002027,0.003278,-0.139374,0.006028,0.010100,-0.075668,-0.016862,0.005106,0.009323,0.008912,-0.009039,0.045151,-0.018755,-0.008776,0.011990,0.002649,0.004756
2025-09-16 07:00 CT,-0.005514,0.001629,0.145769,0.003327,-0.014850,0.006841,0.013872,-0.166108,-0.040014,-0.001363,0.032346,0.016785,-0.000930,0.002027,0.001425,-0.145847,0.003349,0.008939,-0.079833,-0.020528,0.003830,0.006916,0.009089,-0.010810,0.031802,-0.028484,-0.009549,0.011445,0.000815,0.002594
2025-09-16 07:05 CT,-0.004608,0.002397,0.186960,0.005332,-0.011044,0.007275,0.014810,-0.160744,-0.033977,0.002272,0.033708,0.019943,0.002791,0.002027,0.004704,-0.143366,0.005358,0.010216,-0.071503,-0.019428,0.006809,0.014229,0.010147,-0.011136,0.041618,-0.023913,-0.007128,0.015261,0.003260,0.005188
2025-09-16 07:10 CT,-0.005183,0.002335,0.206304,0.004778,-0.011791,0.006982,0.015145,-0.159487,-0.031490,0.001817,0.035751,0.019402,0.001860,0.002027,0.004133,-0.141855,0.003349,0.009403,-0.071850,-0.020894,0.005532,0.011608,0.009441,-0.011183,0.053789,-0.028953,-0.008238,0.013298,0.001426,0.003891
2025-09-16 07:15 CT,-0.004376,0.002890,0.194128,0.006228,-0.008619,0.007764,0.016787,-0.161247,-0.029833,0.004543,0.038134,0.021678,0.003721,0.002606,0.008409,-0.124272,0.010717,0.010912,-0.066296,-0.018328,0.008085,0.014168,0.011030,-0.008713,0.055359,-0.025085,-0.007229,0.015806,0.005909,0.006917
2025-09-16 07:20 CT,-0.005868,0.001906,0.192660,0.003711,-0.011903,0.006852,0.015312,-0.160325,-0.036699,-0.001363,0.036091,0.017496,0.001860,0.001738,0.003706,-0.133981,0.016745,0.009287,-0.068379,-0.020161,0.004681,0.008501,0.009089,-0.008853,0.063997,-0.025671,-0.009482,0.012535,0.002649,0.003891
2025-09-16 07:25 CT,-0.006009,0.001979,0.199223,0.003114,-0.011268,0.006309,0.016117,-0.165354,-0.036936,-0.001817,0.035070,0.018463,0.002791,0.002606,0.003278,-0.131607,0.018084,0.009403,-0.068726,-0.020161,0.005106,0.007648,0.009089,-0.008713,0.060071,-0.025671,-0.008843,0.012753,0.002649,0.004323
2025-09-16 07:30 CT,-0.005311,0.002566,0.226511,0.003669,-0.006716,0.006906,0.015748,-0.170801,-0.042855,-0.011358,0.034389,0.019402,0.003721,0.002317,0.002281,-0.128803,0.022103,0.010680,-0.066991,-0.020528,0.005957,0.010877,0.009706,-0.009365,0.065960,-0.022154,-0.007868,0.013734,0.005094,0.006053
2025-09-16 07:35 CT,-0.005377,0.002656,0.219603,0.003583,-0.008358,0.006885,0.016854,-0.176752,-0.044039,-0.009541,0.035410,0.018378,0.004651,0.002027,0.000855,-0.124919,0.026792,0.010796,-0.070462,-0.020161,0.004255,0.013010,0.008912,-0.008480,0.079702,-0.024851,-0.008137,0.011009,0.003667,0.007350
2025-09-16 07:40 CT,-0.004977,0.002842,0.207427,0.002943,-0.008656,0.007004,0.017088,-0.168203,-0.045815,-0.012267,0.035070,0.020170,0.002791,0.001158,0.002423,-0.114132,0.028801,0.010564,-0.072544,-0.021628,0.004255,0.012827,0.008294,-0.010670,0.068316,-0.023796,-0.008070,0.010682,0.003871,0.007782
2025-09-16 07:45 CT,-0.005088,0.002689,0.217789,0.001877,-0.009403,0.007026,0.016586,-0.193513,-0.052800,-0.010450,0.032346,0.021991,0.003721,0.000579,0.001568,-0.119849,0.024782,0.010100,-0.075321,-0.023827,0.002979,0.012187,0.008383,-0.012208,0.059678,-0.024264,-0.007935,0.011554,0.003464,0.006917
2025-09-16 07:50 CT,-0.005291,0.002880,0.223921,0.001664,-0.008171,0.007601,0.017490,-0.180774,-0.046052,-0.009087,0.033708,0.024068,0.005581,0.000869,0.002423,-0.122114,0.027461,0.010680,-0.079486,-0.023094,0.002979,0.013071,0.008736,-0.012021,0.062034,-0.018872,-0.007935,0.011118,0.003667,0.007350
2025-09-16 07:55 CT,-0.005415,0.002950,0.235060,0.003583,-0.006753,0.008253,0.017825,-0.161247,-0.044986,-0.005906,0.038134,0.024181,0.006512,0.001448,0.002993,-0.120065,0.032150,0.011261,-0.080528,-0.021628,0.002128,0.015326,0.008471,-0.012953,0.066353,-0.015473,-0.007498,0.011663,0.003464,0.009944
2025-09-16 08:00 CT,-0.004445,0.003162,0.217703,0.004053,-0.005746,0.008687,0.019534,-0.147503,-0.047236,-0.004089,0.039156,0.025746,0.008372,0.002027,0.007697,-0.117368,0.047555,0.013002,-0.080180,-0.020528,0.002979,0.020566,0.010236,-0.013372,0.060463,-0.007971,-0.006288,0.013298,0.005297,0.012105
2025-09-16 08:05 CT,-0.003894,0.003143,0.199309,0.003157,-0.007462,0.008861,0.017959,-0.133087,-0.038594,-0.004543,0.038134,0.024978,0.007442,0.002606,0.004846,-0.120712,0.046885,0.011841,-0.084346,-0.018695,0.002128,0.020444,0.009530,-0.017426,0.058893,-0.005275,-0.005817,0.013080,0.004686,0.012538
2025-09-16 08:10 CT,-0.005404,0.002530,0.194387,0.001322,-0.009627,0.008177,0.017323,-0.148508,-0.041080,-0.003635,0.033367,0.023698,0.006512,0.002317,0.002708,-0.126969,0.033490,0.010796,-0.089899,-0.020528,0.000426,0.018311,0.008824,-0.017706,0.060463,-0.009846,-0.006725,0.011663,0.003056,0.010808
2025-09-16 08:15 CT,-0.004922,0.002782,0.202332,0.003370,-0.007127,0.009382,0.019065,-0.150687,-0.038357,-0.001817,0.037453,0.027823,0.008372,0.002317,0.007127,-0.119310,0.046885,0.013234,-0.090594,-0.016129,0.002553,0.026660,0.010236,-0.015050,0.059285,-0.004806,-0.004405,0.016024,0.009372,0.013835
2025-09-16 08:20 CT,-0.004098,0.003813,0.218221,0.003967,-0.005559,0.009502,0.020942,-0.159487,-0.037291,-0.002272,0.037453,0.030070,0.011163,0.002896,0.007982,-0.124380,0.058272,0.016369,-0.089552,-0.012830,0.004681,0.025807,0.011383,-0.012394,0.062819,-0.006916,-0.002387,0.017768,0.010799,0.019455
2025-09-16 08:25 CT,-0.003494,0.003127,0.185406,0.004735,-0.005112,0.010207,0.020104,-0.157140,-0.034805,-0.003180,0.036091,0.033911,0.013953,0.003765,0.011973,-0.129342,0.070328,0.014743,-0.082957,-0.009897,0.003830,0.029798,0.011559,-0.013559,0.059678,-0.007619,-0.002925,0.017441,0.009372,0.021617
2025-09-16 08:30 CT,-0.005033,0.002182,0.186442,0.002048,-0.008507,0.009056,0.017959,-0.165940,-0.040133,-0.007269,0.035070,0.026770,0.011163,0.002896,0.010405,-0.138835,0.068989,0.011145,-0.087123,-0.009164,0.000851,0.024862,0.010059,-0.014491,0.074205,-0.013949,-0.005279,0.013952,0.006724,0.018591
2025-09-16 08:35 CT,-0.009709,0.000568,0.181261,-0.001109,-0.013320,0.007210,0.015312,-0.171053,-0.045105,-0.012721,0.032346,0.022787,0.005581,0.001158,0.004561,-0.143258,0.058942,0.008358,-0.089552,-0.015029,-0.003404,0.022607,0.008912,-0.013885,0.063212,-0.015473,-0.010087,0.009483,0.002037,0.012105
2025-09-16 08:40 CT,-0.015303,-0.000126,0.181174,-0.004564,-0.016678,0.007808,0.012297,-0.170801,-0.052208,-0.011358,0.031324,0.020682,0.001860,0.000000,0.000713,-0.140345,0.054923,0.005688,-0.089899,-0.017229,-0.004255,0.018677,0.009618,-0.014537,0.061249,-0.020162,-0.012307,0.007739,-0.000815,0.003459
2025-09-16 08:45 CT,-0.017458,-0.001439,0.201209,-0.009214,-0.026865,0.003475,0.008042,-0.178512,-0.062626,-0.020445,0.027920,0.014708,-0.003721,-0.002027,0.000143,-0.151241,0.049565,0.001045,-0.092329,-0.018328,-0.006809,0.007648,0.004941,-0.015143,0.063604,-0.023678,-0.020377,0.003270,-0.005094,0.001297
2025-09-16 08:50 CT,-0.016472,-0.001284,0.205786,-0.009086,-0.028394,0.004995,0.011392,-0.174824,-0.057417,-0.019991,0.027579,0.027453,-0.001860,-0.002027,-0.000998,-0.140669,0.045546,0.002090,-0.101007,-0.020161,-0.005957,0.008196,0.004941,-0.016820,0.063212,-0.025319,-0.020545,0.005123,-0.004686,0.001729
2025-09-16 08:55 CT,-0.011263,0.000870,0.212608,-0.005674,-0.022089,0.006852,0.013470,-0.176752,-0.057417,-0.017265,0.031324,0.038690,0.005581,0.000000,0.003421,-0.134951,0.044876,0.006385,-0.103783,-0.015762,-0.000851,0.016301,0.010500,-0.015143,0.067530,-0.023444,-0.017317,0.007630,0.002241,0.007782
2025-09-16 09:00 CT,-0.014043,0.001322,0.203800,-0.008190,-0.025223,0.006743,0.011962,-0.175662,-0.059193,-0.017719,0.025196,0.033029,0.002791,-0.001158,-0.002138,-0.130960,0.038848,0.004063,-0.113849,-0.019428,-0.004255,0.010176,0.006971,-0.014724,0.080487,-0.026374,-0.017787,0.003597,-0.001426,0.004323
2025-09-16 09:05 CT,-0.017471,-0.000989,0.220294,-0.010451,-0.031566,0.004398,0.009549,-0.179517,-0.064402,-0.021808,0.020429,0.027197,-0.001860,-0.002896,-0.004989,-0.144444,0.030810,-0.000464,-0.134328,-0.018328,-0.008511,0.004296,0.003530,-0.014398,0.108755,-0.033759,-0.019906,0.001090,-0.007335,-0.000865
2025-09-16 09:10 CT,-0.019816,-0.000912,0.218048,-0.010963,-0.034849,0.004083,0.009181,-0.184965,-0.066532,-0.023171,0.017024,0.024039,-0.003721,-0.004634,-0.006414,-0.142395,0.024782,-0.002322,-0.136064,-0.019062,-0.012340,0.000274,0.002559,-0.018451,0.101296,-0.033994,-0.020814,-0.001526,-0.010391,-0.002162
2025-09-16 09:15 CT,-0.020789,-0.000858,0.225734,-0.010409,-0.033618,0.003801,0.008544,-0.188317,-0.064757,-0.023626,0.012257,0.019943,-0.000930,-0.005502,-0.010405,-0.139590,0.014066,-0.002902,-0.141617,-0.018328,-0.015319,-0.001310,0.000000,-0.021293,0.076168,-0.035049,-0.023605,-0.006104,-0.011817,-0.004323
2025-09-16 09:20 CT,-0.018119,0.000460,0.227116,-0.008532,-0.030335,0.005310,0.012129,-0.179601,-0.060613,-0.018628,0.017365,0.023072,0.002791,-0.004923,-0.007982,-0.137001,0.022773,0.000580,-0.138841,-0.016862,-0.011915,0.003839,0.004941,-0.020362,0.048292,-0.035518,-0.022058,-0.001962,-0.007539,0.000000
2025-09-16 09:25 CT,-0.018831,-0.000833,0.214594,-0.008062,-0.029178,0.005288,0.012230,-0.179433,-0.063336,-0.016356,0.017365,0.021621,0.001860,-0.004923,-0.006129,-0.128910,0.029471,0.001045,-0.133634,-0.018328,-0.010638,0.003961,0.005294,-0.020315,0.057715,-0.032587,-0.021856,-0.001744,-0.007539,-0.001297
2025-09-16 09:30 CT,-0.019578,-0.000833,0.212608,-0.009300,-0.029663,0.004745,0.010756,-0.190999,-0.062034,-0.019082,0.014981,0.022389,0.000000,-0.005502,-0.008267,-0.130097,0.019424,-0.000116,-0.135023,-0.019795,-0.010638,0.002346,0.003971,-0.022225,0.060071,-0.029422,-0.026059,-0.002943,-0.008150,-0.003026
2025-09-16 09:35 CT,-0.019717,-0.001062,0.206649,-0.007252,-0.029588,0.004029,0.010622,-0.191083,-0.060732,-0.019537,0.013619,0.018947,-0.000930,-0.005502,-0.007269,-0.131392,0.020764,-0.000232,-0.133287,-0.020161,-0.012766,0.002498,0.003794,-0.056891,0.069494,-0.024851,-0.025992,-0.003597,-0.008557,-0.003026
2025-09-16 09:40 CT,-0.018643,-0.000534,0.222021,-0.005460,-0.026902,0.004669,0.011694,-0.187479,-0.060376,-0.016811,0.013960,0.018662,0.005581,-0.005213,-0.001710,-0.129773,0.022773,0.001857,-0.129469,-0.018695,-0.010638,0.007526,0.004147,-0.050042,0.074205,-0.023561,-0.023403,0.000545,-0.006316,0.001297
2025-09-16 09:45 CT,-0.017290,0.000964,0.277202,-0.002901,-0.023619,0.006092,0.013470,-0.182283,-0.059903,-0.014085,0.013960,0.022275,0.006512,-0.004344,-0.002138,-0.131392,0.020764,0.003483,-0.121486,-0.016862,-0.008511,0.010694,0.005912,-0.044357,0.088339,-0.022154,-0.019906,0.002071,-0.002649,0.003891
2025-09-16 09:50 CT,-0.016422,0.001447,0.318135,-0.001621,-0.022462,0.006928,0.015145,-0.179685,-0.053155,-0.011813,0.019408,0.022503,0.007442,-0.004923,-0.000285,-0.131176,0.026792,0.004528,-0.120097,-0.013563,-0.005957,0.013619,0.006971,-0.046641,0.082450,-0.013715,-0.018056,0.004251,-0.000611,0.006917
2025-09-16 09:55 CT,-0.017202,0.001712,0.327979,-0.001194,-0.023022,0.006711,0.014776,-0.177757,-0.049840,-0.009087,0.018046,0.022901,0.005581,-0.004923,-0.001425,-0.131068,0.024113,0.004063,-0.117667,-0.009531,-0.005957,0.015326,0.010677,-0.046314,0.150766,-0.004923,-0.017687,0.003815,-0.001019,0.006917
2025-09-16 10:00 CT,-0.020236,-0.000311,0.299741,-0.004692,-0.028730,0.004767,0.012431,-0.181696,-0.053510,-0.012721,0.013279,0.018918,0.000930,-0.006950,-0.004133,-0.141532,0.016745,0.000232,-0.121486,-0.010264,-0.010638,0.007648,0.007236,-0.051207,0.140165,0.007854,-0.023067,-0.001199,-0.006316,0.003026
2025-09-16 10:05 CT,-0.018844,-0.000021,0.319775,-0.001621,-0.026417,0.006667,0.014207,-0.183708,-0.045815,-0.011813,0.016684,0.020426,0.003721,-0.006950,-0.001283,-0.143797,0.022773,0.002902,-0.118015,-0.007698,-0.007660,0.011883,0.011030,-0.056705,0.115430,0.004103,-0.021049,0.001635,-0.003056,0.006053
2025-09-16 10:10 CT,-0.019982,-0.000503,0.312522,0.000213,-0.026827,0.006798,0.012866,-0.182367,-0.044513,-0.010450,0.014641,0.016899,0.003721,-0.007530,-0.001853,-0.147681,0.018754,0.002322,-0.116626,-0.008798,-0.008511,0.009963,0.009441,-0.056658,0.126031,0.002579,-0.021553,0.000763,-0.003871,0.005188
2025-09-16 10:15 CT,-0.017732,0.000077,0.336615,0.002261,-0.019328,0.009143,0.014810,-0.180858,-0.046881,-0.007724,0.016684,0.019089,0.007442,-0.007240,0.003136,-0.147573,0.022773,0.004876,-0.113502,-0.004399,-0.006383,0.016453,0.012000,-0.063601,0.116215,0.000938,-0.019032,0.003924,0.001019,0.008647
2025-09-16 10:20 CT,-0.016996,-0.000051,0.269948,0.003455,-0.011529,0.010435,0.015446,-0.182367,-0.043803,-0.008632,0.017024,0.021536,0.011163,-0.007240,0.005701,-0.145415,0.025452,0.006617,-0.116626,-0.007331,-0.005532,0.021907,0.011824,-0.063880,0.102081,0.004454,-0.017384,0.004469,0.002852,0.012970
2025-09-16 10:25 CT,-0.017272,0.000150,0.269257,0.001621,-0.012500,0.010587,0.015815,-0.185216,-0.046525,-0.008632,0.018046,0.020910,0.008372,-0.007530,0.006842,-0.145415,0.022773,0.006849,-0.118709,-0.006232,-0.006809,0.023552,0.012971,-0.080468,0.094621,0.004923,-0.018460,0.003924,0.002241,0.015132
2025-09-16 10:30 CT,-0.017270,0.000845,0.275130,0.001493,-0.014626,0.011510,0.015413,-0.176249,-0.042974,-0.008632,0.017705,0.022247,0.008372,-0.013901,0.008979,-0.142611,0.022773,0.007081,-0.119403,-0.003299,-0.008085,0.025075,0.011206,-0.069472,0.089910,0.014184,-0.018897,0.003379,0.002241,0.015132
2025-09-16 10:35 CT,-0.015953,0.001428,0.271848,0.004010,-0.013731,0.011467,0.015849,-0.181696,-0.038002,-0.006815,0.019408,0.023612,0.010233,-0.013611,0.010405,-0.137972,0.022773,0.007430,-0.117667,-0.004032,-0.007660,0.028793,0.011736,-0.073525,0.102473,0.014301,-0.016409,0.004796,0.004075,0.018158
2025-09-16 10:40 CT,-0.016194,0.002173,0.254750,0.007508,-0.012276,0.013248,0.015916,-0.185635,-0.041316,-0.006361,0.021450,0.023783,0.011163,-0.014191,0.011117,-0.145200,0.022103,0.008358,-0.117667,-0.005865,-0.008085,0.031413,0.013059,-0.074877,0.095406,0.022858,-0.016443,0.005232,0.004890,0.018591
2025-09-16 10:45 CT,-0.016313,0.003180,0.269344,0.008276,-0.011604,0.013346,0.016418,-0.189407,-0.040251,-0.004089,0.018386,0.023214,0.011163,-0.013901,0.009265,-0.164509,0.021433,0.007314,-0.124610,-0.007331,-0.006809,0.027543,0.013236,-0.080980,0.108363,0.020631,-0.018897,0.003161,0.004075,0.018158
2025-09-16 10:50 CT,-0.014459,0.003398,0.241537,0.009641,-0.008470,0.016940,0.017691,-0.183959,-0.035989,-0.003180,0.022472,0.024608,0.012093,-0.013322,0.009265,-0.169256,0.017415,0.008242,-0.118709,-0.006598,-0.004255,0.027939,0.013853,-0.073991,0.109541,0.015356,-0.016308,0.004033,0.004075,0.017726
2025-09-16 10:55 CT,-0.012452,0.007003,0.210535,0.014376,-0.006567,0.018178,0.018362,-0.183791,-0.032556,-0.000454,0.025877,0.029046,0.013953,-0.012453,0.015536,-0.173355,0.025452,0.010564,-0.116973,-0.003666,-0.002128,0.037628,0.015089,-0.069518,0.082450,0.018286,-0.013147,0.006649,0.008557,0.025508
2025-09-16 11:00 CT,-0.012660,0.006611,0.198100,0.019324,-0.007612,0.017168,0.018228,-0.217315,-0.030070,-0.003635,0.021450,0.029587,0.013023,-0.012743,0.011545,-0.182093,0.020764,0.011377,-0.121486,-0.003299,-0.003830,0.036044,0.013412,-0.070171,0.078916,0.010433,-0.014526,0.004142,0.006927,0.023779
2025-09-16 11:05 CT,-0.012746,0.006604,0.184542,0.015229,-0.008656,0.017591,0.017624,-0.216728,-0.027465,-0.003180,0.021791,0.028961,0.011163,-0.012453,0.010120,-0.180367,0.018754,0.010448,-0.125998,-0.004399,-0.005532,0.032449,0.012353,-0.069844,0.074990,0.009260,-0.014190,0.003488,0.005094,0.022049
2025-09-16 11:10 CT,-0.014521,0.005739,0.189206,0.013779,-0.009664,0.015170,0.017658,-0.217901,-0.028057,-0.006361,0.020769,0.028705,0.010233,-0.010715,0.006271,-0.191802,0.020094,0.009984,-0.127386,-0.005132,-0.006809,0.029585,0.012177,-0.066303,0.097762,0.009846,-0.012811,0.002725,0.003667,0.019888
2025-09-16 11:15 CT,-0.015093,0.005831,0.197841,0.010153,-0.011268,0.014486,0.017055,-0.219326,-0.027702,-0.004998,0.021110,0.026486,0.008372,-0.011005,0.007412,-0.198490,0.014066,0.008126,-0.128775,-0.005499,-0.008085,0.030682,0.012000,-0.067189,0.074598,0.030477,-0.012307,0.002834,0.002241,0.016861
2025-09-16 11:20 CT,-0.015628,0.005325,0.186183,0.010195,-0.010709,0.014019,0.015983,-0.228210,-0.042737,-0.009541,0.021110,0.027140,0.008372,-0.011005,0.004418,-0.201510,0.010717,0.007662,-0.135370,-0.001100,-0.008511,0.029798,0.011736,-0.071289,0.065175,0.020513,-0.013416,0.002289,0.000204,0.014700
2025-09-16 11:25 CT,-0.013601,0.006587,0.200000,0.012072,-0.008321,0.015365,0.017557,-0.233322,-0.041316,-0.008632,0.022131,0.025547,0.010233,-0.010426,0.007697,-0.199892,0.013396,0.009635,-0.133981,0.001100,-0.005957,0.031260,0.013765,-0.068540,0.088732,0.015707,-0.011332,0.004033,0.002852,0.017294
2025-09-16 11:30 CT,-0.013814,0.006518,0.185751,0.015058,-0.003619,0.016017,0.019367,-0.228629,-0.043447,-0.007269,0.024855,0.026827,0.012093,-0.010136,0.010120,-0.193743,0.014066,0.011145,-0.126692,0.000000,-0.002979,0.036471,0.013853,-0.068353,0.101296,0.025671,-0.010256,0.005341,0.004686,0.019888
2025-09-16 11:35 CT,-0.014541,0.006370,0.187478,0.013352,-0.007537,0.015083,0.018496,-0.226198,-0.045933,-0.005906,0.022812,0.025661,0.010233,-0.011005,0.005986,-0.189644,0.009377,0.009287,-0.128081,-0.003299,-0.004681,0.035678,0.012353,-0.072873,0.098547,0.023209,-0.012004,0.003379,0.002445,0.016429
2025-09-16 11:40 CT,-0.014344,0.006511,0.192660,0.012926,-0.008768,0.015300,0.018931,-0.227204,-0.051853,-0.010450,0.020769,0.025974,0.011163,-0.011874,0.005131,-0.188673,0.008038,0.008242,-0.124262,-0.000367,-0.004681,0.033119,0.013412,-0.073945,0.109933,0.029070,-0.012475,0.002616,0.001222,0.017294
2025-09-16 11:45 CT,-0.014755,0.006710,0.201900,0.014461,-0.009627,0.014974,0.018630,-0.231311,-0.056115,-0.011358,0.021791,0.025632,0.011163,-0.012163,0.005844,-0.190831,0.006028,0.008010,-0.131204,0.004032,-0.004255,0.033820,0.013589,-0.071009,0.107578,0.019341,-0.011701,0.005668,0.001426,0.016861
2025-09-16 11:50 CT,-0.013895,0.007065,0.190501,0.016040,-0.010597,0.015148,0.019333,-0.224355,-0.053629,-0.011358,0.023153,0.027083,0.010233,-0.012743,0.007412,-0.187702,0.005358,0.009635,-0.131899,0.003666,-0.002979,0.034033,0.015353,-0.072174,0.098155,0.020982,-0.010726,0.004905,0.001426,0.018158
2025-09-16 11:55 CT,-0.013482,0.008412,0.190501,0.016338,-0.010186,0.015094,0.020740,-0.223433,-0.053037,-0.010904,0.023493,0.026656,0.010233,-0.011874,0.007127,-0.189213,0.006698,0.009519,-0.132593,0.001466,-0.001702,0.034094,0.015883,-0.074038,0.100510,0.020513,-0.010020,0.005777,0.002037,0.018591
2025-09-16 12:00 CT,-0.011287,0.010242,0.217617,0.018940,-0.005074,0.017374,0.021846,-0.215471,-0.050077,-0.005906,0.025877,0.029558,0.012093,-0.011005,0.009977,-0.186839,0.010717,0.011609,-0.129122,0.004032,0.000426,0.037385,0.015618,-0.071196,0.103651,0.025788,-0.008104,0.007194,0.006520,0.021617
2025-09-16 12:05 CT,-0.009082,0.011062,0.237133,0.019794,-0.002500,0.023477,0.022148,-0.200469,-0.047117,-0.004089,0.028601,0.031948,0.013953,-0.010426,0.012258,-0.182956,0.016745,0.014279,-0.125998,0.006232,0.004681,0.042077,0.016942,-0.069984,0.108363,0.027664,-0.004909,0.012426,0.009780,0.026373
2025-09-16 12:10 CT,-0.007411,0.012442,0.235579,0.021543,-0.000410,0.031317,0.023421,-0.188317,-0.039777,0.000909,0.034048,0.033797,0.019535,-0.009267,0.014396,-0.181661,0.020764,0.016717,-0.118362,0.014663,0.006809,0.045245,0.019677,-0.068400,0.095406,0.029188,-0.002387,0.014716,0.012632,0.032425
2025-09-16 12:15 CT,-0.003801,0.013432,0.227807,0.024486,0.003657,0.035824,0.024326,-0.187730,-0.031609,0.004998,0.034048,0.036557,0.023256,-0.008109,0.015251,-0.175728,0.022773,0.020316,-0.109684,0.023460,0.009787,0.051796,0.021618,-0.063927,0.096584,0.032587,0.002051,0.017659,0.016707,0.037181
2025-09-16 12:20 CT,-0.003393,0.013877,0.227893,0.026875,0.005671,0.033880,0.023488,-0.186473,-0.035871,0.001363,0.035410,0.037723,0.025116,-0.007240,0.015393,-0.173679,0.022773,0.021941,-0.108990,0.032258,0.009362,0.053015,0.021089,-0.065511,0.090302,0.025202,0.002993,0.017986,0.017319,0.036316
2025-09-16 12:25 CT,-0.004761,0.014421,0.229793,0.024699,0.002089,0.031904,0.021545,-0.189742,-0.037055,0.000000,0.031665,0.035732,0.022326,-0.007240,0.010405,-0.170334,0.018084,0.019503,-0.107949,0.033358,0.007660,0.049846,0.019677,-0.067515,0.101296,0.021920,0.003833,0.015370,0.015485,0.034587
2025-09-16 12:30 CT,-0.004882,0.014190,0.205268,0.021201,0.001828,0.033163,0.021712,-0.188904,-0.028649,0.001817,0.030644,0.037325,0.023256,-0.006950,0.011545,-0.176591,0.022103,0.020084,-0.107254,0.034824,0.008085,0.050059,0.019148,-0.073945,0.085984,0.021803,0.005481,0.016569,0.015689,0.036316
2025-09-16 12:35 CT,-0.007570,0.011344,0.208895,0.017917,-0.003880,0.031491,0.021042,-0.196782,-0.029360,0.002272,0.028941,0.032830,0.018605,-0.007530,0.007982,-0.177886,0.016745,0.016485,-0.110031,0.046188,0.003830,0.047988,0.017030,-0.082192,0.076561,0.013011,0.001412,0.013298,0.011002,0.033290
2025-09-16 12:40 CT,-0.007128,0.012122,0.207427,0.017319,-0.003321,0.032566,0.020171,-0.194016,-0.028886,0.000000,0.029282,0.034138,0.018605,-0.007530,0.008267,-0.177778,0.015405,0.017065,-0.115238,0.067815,0.005957,0.048749,0.017206,-0.075808,0.070279,0.010667,0.001412,0.012971,0.011614,0.035884
2025-09-16 12:45 CT,-0.009059,0.011817,0.206390,0.016381,-0.003992,0.032631,0.020472,-0.187730,-0.023440,0.001817,0.029282,0.032517,0.018605,-0.007530,0.005986,-0.178317,0.013396,0.017181,-0.112461,0.063416,0.005106,0.049389,0.016500,-0.074690,0.076561,0.010081,-0.001143,0.011663,0.010595,0.035019
2025-09-16 12:50 CT,-0.008529,0.012061,0.206304,0.016125,-0.003955,0.033022,0.020271,-0.189323,-0.019652,0.000000,0.029622,0.031919,0.018605,-0.008688,0.005416,-0.182201,0.013396,0.016369,-0.114891,0.076979,0.003404,0.050791,0.016589,-0.081726,0.073027,0.004337,-0.000841,0.011445,0.010391,0.037181
2025-09-16 12:55 CT,-0.008381,0.011831,0.200345,0.015954,-0.005149,0.034217,0.021042,-0.195357,-0.014561,0.000000,0.029622,0.031863,0.019535,-0.009267,0.005844,-0.179827,0.012056,0.017762,-0.111767,0.127566,0.002553,0.050821,0.016236,-0.078837,0.072242,0.005627,-0.000168,0.010791,0.011206,0.038911
2025-09-16 13:00 CT,-0.007780,0.013236,0.190674,0.017831,-0.003880,0.035400,0.021109,-0.189071,-0.012194,0.001817,0.029622,0.032232,0.020465,-0.008688,0.007269,-0.173355,0.016075,0.018342,-0.108990,0.160924,0.003830,0.050486,0.016677,-0.076973,0.042795,0.018286,0.003564,0.014388,0.014059,0.042369
2025-09-16 13:05 CT,-0.007307,0.013796,0.202159,0.018002,-0.001642,0.034955,0.021109,-0.193346,-0.008879,0.003635,0.028601,0.032858,0.020465,-0.007530,0.006984,-0.172384,0.014735,0.019039,-0.110378,0.176320,0.004681,0.047561,0.017736,-0.078278,0.040440,0.018872,0.003463,0.012862,0.014059,0.042802
2025-09-16 13:10 CT,-0.007229,0.012592,0.192055,0.018300,-0.000709,0.035932,0.021042,-0.194854,-0.007458,0.002272,0.027920,0.032460,0.021395,-0.007819,0.005559,-0.165372,0.014735,0.019503,-0.109337,0.197214,0.004681,0.047622,0.017736,-0.077579,0.043973,0.020982,0.002522,0.012644,0.014262,0.043666
2025-09-16 13:15 CT,-0.006655,0.013381,0.193092,0.018983,-0.000634,0.036519,0.021679,-0.192089,-0.010655,0.004998,0.030984,0.034252,0.023256,-0.007530,0.005986,-0.170658,0.014735,0.019735,-0.109337,0.156158,0.006383,0.048384,0.018442,-0.074783,0.040440,0.028133,0.003900,0.013516,0.015077,0.043234
2025-09-16 13:20 CT,-0.006918,0.013239,0.212090,0.016893,0.001306,0.033337,0.020875,-0.190412,-0.011839,0.005452,0.030644,0.033939,0.022326,-0.007819,0.005986,-0.173247,0.014735,0.020896,-0.106907,0.141129,0.005532,0.047744,0.016500,-0.069099,0.035336,0.040792,0.003598,0.012099,0.014466,0.042802
2025-09-16 13:25 CT,-0.008938,0.011977,0.213558,0.015613,-0.002425,0.034130,0.020238,-0.184630,-0.005564,0.006815,0.028260,0.031976,0.021395,-0.007819,0.002993,-0.171521,0.014735,0.018574,-0.107949,0.143328,0.002553,0.045946,0.015883,-0.070357,0.042403,0.030008,0.000605,0.010355,0.012836,0.040640
2025-09-16 13:30 CT,-0.010808,0.010861,0.201123,0.013352,-0.004403,0.033218,0.018898,-0.190496,-0.005682,0.010450,0.025536,0.030213,0.019535,-0.008688,0.000998,-0.171197,0.013396,0.015672,-0.110378,0.178519,0.000000,0.042686,0.014383,-0.070450,0.043188,0.021334,-0.002152,0.008393,0.009984,0.039775
2025-09-16 13:35 CT,-0.011802,0.010608,0.197755,0.012072,-0.004963,0.033847,0.018496,-0.189323,-0.012904,0.005906,0.023493,0.029900,0.016744,-0.009267,-0.000570,-0.167745,0.011386,0.015324,-0.115238,0.256965,-0.000426,0.040858,0.013942,-0.072407,0.045936,0.019693,-0.001681,0.007303,0.009372,0.036749
2025-09-16 13:40 CT,-0.011948,0.010168,0.198273,0.012414,-0.001866,0.032772,0.018429,-0.179769,-0.015272,0.006815,0.022812,0.031208,0.017674,-0.009267,-0.000428,-0.170658,0.009377,0.015672,-0.112808,0.233871,-0.001277,0.041894,0.013412,-0.074131,0.051433,0.027664,-0.002555,0.008066,0.010187,0.036316
2025-09-16 13:45 CT,-0.010567,0.011511,0.156736,0.013395,-0.001306,0.033337,0.018328,-0.188233,-0.015864,0.005452,0.023153,0.030469,0.018605,-0.009557,-0.000143,-0.168285,0.010047,0.015788,-0.110725,0.268328,-0.000851,0.042717,0.014295,-0.074690,0.048292,0.023678,0.000605,0.008066,0.009984,0.038911
2025-09-16 13:50 CT,-0.010041,0.011737,0.169948,0.013693,0.001045,0.033239,0.018663,-0.187479,-0.012786,0.007269,0.022472,0.031436,0.020465,-0.009267,0.001710,-0.171521,0.010717,0.016833,-0.113155,0.245968,0.000000,0.046281,0.014383,-0.072593,0.054181,0.023209,0.000538,0.009156,0.011817,0.041072
2025-09-16 13:55 CT,-0.011031,0.011460,0.167789,0.013736,-0.000709,0.033087,0.018596,-0.185468,-0.014443,0.008178,0.022472,0.030469,0.019535,-0.008978,0.000143,-0.171305,0.008707,0.015788,-0.107949,0.276760,-0.000426,0.047378,0.014030,-0.077439,0.050255,0.024851,0.001009,0.008611,0.011614,0.041937
2025-09-16 14:00 CT,-0.010452,0.012349,0.169171,0.013693,-0.000485,0.034792,0.018864,-0.181780,-0.011128,0.009087,0.020769,0.029871,0.019535,-0.008978,-0.000285,-0.169364,0.006698,0.015904,-0.113155,0.266129,0.000426,0.047835,0.013500,-0.078651,0.047507,0.024733,0.001513,0.007957,0.010391,0.041505
2025-09-16 14:05 CT,-0.011422,0.011509,0.166839,0.013224,-0.002276,0.033011,0.017758,-0.166359,-0.016219,0.006815,0.021791,0.028534,0.017674,-0.009267,-0.002423,-0.165372,0.005358,0.014743,-0.115932,0.260264,-0.000426,0.046342,0.013059,-0.082937,0.054967,0.020748,-0.000370,0.006758,0.008965,0.038911
2025-09-16 14:10 CT,-0.009037,0.012833,0.168221,0.015357,-0.000336,0.034901,0.019032,-0.143061,-0.014561,0.006361,0.023153,0.031464,0.019535,-0.008688,0.000570,-0.158037,0.006028,0.016485,-0.112461,0.366569,0.001702,0.050395,0.014295,-0.080701,0.052611,0.021568,0.003362,0.008502,0.012429,0.043234
2025-09-16 14:15 CT,-0.009117,0.012667,0.159413,0.015400,-0.001194,0.036377,0.018864,-0.139541,-0.022730,0.004998,0.023153,0.031123,0.018605,-0.007819,-0.001568,-0.162028,0.004689,0.016369,-0.113155,0.528592,0.001277,0.048932,0.014471,-0.080235,0.044759,0.015473,0.003631,0.009047,0.012021,0.041937
2025-09-16 14:20 CT,-0.009073,0.012553,0.164853,0.014333,0.000037,0.034846,0.019400,-0.147335,-0.022730,0.005452,0.022472,0.031606,0.019535,-0.008109,-0.001853,-0.161812,0.004689,0.016253,-0.111420,0.583578,0.002128,0.049420,0.014030,-0.079489,0.056930,0.017466,0.004069,0.010028,0.013040,0.043234
2025-09-16 14:25 CT,-0.010045,0.012066,0.160622,0.013651,-0.001007,0.034683,0.018362,-0.148089,-0.021546,0.005452,0.021791,0.030639,0.016744,-0.008688,-0.001425,-0.163646,0.005358,0.015208,-0.110031,0.618035,0.000426,0.049450,0.013942,-0.078138,0.050255,0.016059,0.002925,0.009701,0.012225,0.041937
2025-09-16 14:30 CT,-0.010848,0.011762,0.158290,0.011944,-0.002686,0.033695,0.017423,-0.140882,-0.023914,0.002726,0.021791,0.029530,0.015814,-0.009267,-0.002708,-0.161057,0.003349,0.015092,-0.110378,0.725073,0.000426,0.047622,0.013765,-0.077066,0.047114,0.021451,0.002724,0.009810,0.011206,0.042802
2025-09-16 14:35 CT,-0.009654,0.012082,0.165717,0.013053,-0.001269,0.034206,0.018127,-0.127640,-0.022375,0.002726,0.022131,0.029786,0.016744,-0.008688,-0.002423,-0.159655,0.004689,0.015788,-0.110725,0.594575,-0.000426,0.047500,0.014118,-0.076461,0.060856,0.025437,0.003497,0.010464,0.010799,0.046260
2025-09-16 14:40 CT,-0.009367,0.012947,0.162003,0.013395,-0.000933,0.034825,0.017959,-0.121690,-0.022138,0.003180,0.021450,0.029644,0.016744,-0.008688,-0.004418,-0.154693,0.002679,0.015556,-0.112114,0.579545,-0.000426,0.047165,0.014559,-0.077905,0.057322,0.020982,0.003362,0.010028,0.009780,0.046260
2025-09-16 14:45 CT,-0.008430,0.014424,0.174525,0.013821,0.000746,0.035096,0.020405,-0.120600,-0.024743,0.005452,0.021791,0.030981,0.020465,-0.008398,-0.003278,-0.158360,0.004019,0.017181,-0.114196,0.551686,0.001277,0.050242,0.015265,-0.075296,0.070279,0.024968,0.004707,0.011663,0.010595,0.047557
2025-09-16 14:50 CT,-0.008403,0.014053,0.163212,0.015016,0.000634,0.036584,0.021109,-0.089591,-0.027110,0.003180,0.021450,0.031151,0.020465,-0.008688,-0.004846,-0.153937,0.004019,0.017646,-0.112808,0.504399,0.001702,0.050760,0.015971,-0.075109,0.076953,0.024382,0.004808,0.012426,0.010595,0.051016
2025-09-16 14:55 CT,-0.007366,0.014772,0.161399,0.014504,0.001418,0.036660,0.022583,-0.109956,-0.028412,0.004543,0.020769,0.032289,0.020465,-0.008688,-0.001425,-0.155016,0.004689,0.018342,-0.111073,0.487537,0.003404,0.051004,0.016412,-0.075622,0.074990,0.024382,0.005044,0.012971,0.011614,0.049719
2025-09-16 15:00 CT,-0.007683,0.014945,0.172884,0.013565,0.000224,0.039852,0.021143,-0.115488,-0.030543,0.004998,0.021110,0.033200,0.022326,-0.009267,0.000570,-0.159008,0.004689,0.018691,-0.112808,0.525660,0.001702,0.051613,0.016148,-0.073805,0.091873,0.023092,0.004909,0.012644,0.011817,0.047125
2025-09-16 15:05 CT,-0.006860,0.015454,0.162263,0.015954,0.002089,0.039559,0.022081,-0.122444,-0.031135,0.005906,0.022472,0.034423,0.023256,-0.009847,0.001995,-0.157605,0.005358,0.019387,-0.109684,0.511364,0.002979,0.052070,0.016059,-0.075808,0.098155,0.020748,0.005514,0.012971,0.012836,0.044963
2025-09-16 15:10 CT,-0.007884,0.015310,0.155009,0.015186,0.000634,0.040428,0.021310,-0.129149,-0.035989,0.005452,0.020769,0.032175,0.020465,-0.010136,0.000570,-0.162675,0.001340,0.017878,-0.111420,0.483138,0.001277,0.050516,0.014824,-0.076181,0.089124,0.017466,0.004573,0.011554,0.010595,0.042802
2025-09-16 15:15 CT,-0.008472,0.014540,0.155440,0.014717,-0.001716,0.037311,0.019836,-0.133674,-0.035042,0.004089,0.019748,0.032204,0.021395,-0.010136,-0.000855,-0.161165,0.001340,0.017762,-0.112808,0.491202,0.000426,0.049237,0.014206,-0.078092,0.090695,0.020045,0.003900,0.010900,0.010595,0.045396
2025-09-16 15:20 CT,-0.007906,0.014450,0.157599,0.014205,-0.000298,0.037843,0.020975,-0.128981,-0.032319,0.005906,0.019748,0.034565,0.021395,-0.009847,0.000143,-0.156850,0.002009,0.018110,-0.108643,0.482405,0.000000,0.051095,0.014295,-0.073665,0.094621,0.026023,0.005750,0.012426,0.011817,0.046260
2025-09-16 15:25 CT,-0.007711,0.014225,0.160794,0.014930,0.000410,0.037279,0.020606,-0.120851,-0.029478,0.008178,0.020089,0.036016,0.022326,-0.009847,0.002138,-0.156203,0.002009,0.018807,-0.107254,0.471774,0.000851,0.051491,0.014824,-0.071009,0.086376,0.031884,0.007868,0.012644,0.012429,0.046693
2025-09-16 15:30 CT,-0.007552,0.014594,0.169689,0.014376,-0.001045,0.036095,0.020405,-0.116913,-0.026045,0.008632,0.020089,0.033683,0.020465,-0.008978,0.000285,-0.151564,0.003349,0.018226,-0.108990,0.396628,0.000851,0.048627,0.013677,-0.069099,0.091873,0.033173,0.006019,0.011663,0.011002,0.045396
2025-09-16 15:35 CT,-0.006175,0.015320,0.160881,0.015058,-0.001157,0.036888,0.020808,-0.122528,-0.027465,0.008178,0.020769,0.034195,0.021395,-0.008978,0.000713,-0.152643,0.004689,0.018691,-0.106907,0.423387,0.002128,0.048627,0.014206,-0.066490,0.094621,0.026960,0.007633,0.012317,0.012225,0.047557
2025-09-16 15:40 CT,-0.006615,0.015415,0.160535,0.015272,-0.000224,0.036649,0.021545,-0.128813,-0.023795,0.007269,0.021110,0.032716,0.020465,-0.009557,0.000713,-0.148867,0.005358,0.018342,-0.110031,0.455645,0.002128,0.048018,0.013147,-0.069658,0.100510,0.025319,0.007532,0.012317,0.011614,0.048854
2025-09-16 15:45 CT,-0.006076,0.015466,0.165717,0.016082,0.000895,0.037355,0.021880,-0.118002,-0.030543,0.006815,0.022812,0.034309,0.020465,-0.008978,0.002708,-0.150917,0.005358,0.018226,-0.110378,0.444282,0.002553,0.047866,0.013236,-0.073059,0.106792,0.022975,0.007969,0.012535,0.013040,0.049719
2025-09-16 15:50 CT,-0.006098,0.015340,0.163126,0.016722,0.001642,0.038050,0.021377,-0.121354,-0.031964,0.006815,0.021791,0.035106,0.019535,-0.008978,0.001995,-0.150809,0.005358,0.017646,-0.112114,0.424120,0.002553,0.044880,0.012442,-0.073618,0.106792,0.021568,0.008171,0.013625,0.012429,0.047990
2025-09-16 15:55 CT,-0.005815,0.015114,0.167012,0.016509,0.000298,0.037257,0.021076,-0.121271,-0.034924,0.006815,0.022812,0.034878,0.020465,-0.008688,0.002138,-0.151996,0.006698,0.018110,-0.110725,0.427053,0.003404,0.044453,0.013500,-0.070031,0.106007,0.024968,0.011601,0.014716,0.012632,0.048854
2025-09-16 16:00 CT,-0.005048,0.015466,0.171848,0.017831,0.002500,0.038897,0.021980,-0.121187,-0.036818,0.008178,0.024174,0.035788,0.021395,-0.008688,0.003278,-0.147033,0.009377,0.019271,-0.111420,0.439883,0.005532,0.047165,0.014295,-0.073851,0.101688,0.029422,0.012609,0.015697,0.013855,0.049287
2025-09-16 16:05 CT,-0.003357,0.015887,0.163817,0.018556,0.004925,0.039375,0.022550,-0.128813,-0.036818,0.008632,0.024855,0.036215,0.022326,-0.007530,0.005559,-0.144337,0.009377,0.020780,-0.107949,0.446114,0.005532,0.047134,0.015618,-0.071988,0.095799,0.024851,0.014459,0.018749,0.015077,0.050151
2025-09-16 16:10 CT,-0.007042,0.013312,0.181693,0.014248,0.001231,0.036920,0.020841,-0.125210,-0.037410,0.003180,0.022812,0.032005,0.019535,-0.008688,0.003136,-0.144013,0.008038,0.019039,-0.107949,0.429985,0.002128,0.044910,0.014471,-0.068307,0.104829,0.025906,0.010592,0.017005,0.011614,0.043666
2025-09-16 16:15 CT,-0.006107,0.013742,0.186442,0.014205,0.002052,0.037051,0.021511,-0.130741,-0.040251,0.004998,0.022472,0.033228,0.020465,-0.008398,0.001568,-0.148112,0.008707,0.019851,-0.107949,0.423021,0.003404,0.044118,0.016059,-0.070869,0.101296,0.022858,0.012340,0.018858,0.012225,0.042802
2025-09-16 16:20 CT,-0.007059,0.013072,0.186615,0.012542,0.000187,0.036388,0.021042,-0.120851,-0.047354,0.004543,0.022472,0.031976,0.016744,-0.008688,0.001710,-0.138727,0.007368,0.019387,-0.104478,0.426320,0.001277,0.042960,0.015883,-0.069891,0.100510,0.021920,0.009785,0.018313,0.010799,0.042369
2025-09-16 16:25 CT,-0.006131,0.013197,0.189896,0.013096,0.000336,0.036063,0.021880,-0.130573,-0.046881,0.004998,0.023153,0.033143,0.018605,-0.007530,0.002281,-0.145847,0.010047,0.020084,-0.104825,0.420088,0.002553,0.042930,0.016236,-0.069611,0.106007,0.026023,0.010188,0.019730,0.011410,0.044531
2025-09-16 16:30 CT,-0.005720,0.013729,0.196459,0.013565,0.002351,0.036692,0.022717,-0.130406,-0.048420,0.004998,0.024174,0.033086,0.020465,-0.006950,0.003136,-0.145631,0.010047,0.020664,-0.104825,0.417155,0.003830,0.045063,0.016500,-0.068959,0.101296,0.024147,0.009751,0.018640,0.011614,0.043666
2025-09-16 16:35 CT,-0.005236,0.013803,0.189292,0.014973,0.002127,0.036616,0.023991,-0.139038,-0.051261,0.006361,0.025536,0.032972,0.020465,-0.006950,0.002851,-0.147249,0.014066,0.020896,-0.105519,0.423754,0.005532,0.044514,0.016412,-0.074644,0.096584,0.026140,0.010121,0.018640,0.012225,0.044099
2025-09-16 16:40 CT,-0.005355,0.013593,0.193005,0.014973,0.002313,0.036063,0.023153,-0.139205,-0.050432,0.006361,0.024855,0.031350,0.021395,-0.007240,0.003848,-0.145200,0.014066,0.020780,-0.106560,0.432185,0.005106,0.042138,0.015706,-0.072780,0.101296,0.026726,0.008305,0.018095,0.011614,0.043666
2025-09-16 16:45 CT,-0.004686,0.014063,0.193955,0.015869,0.003246,0.036291,0.022416,-0.137026,-0.053155,0.007269,0.023834,0.031038,0.022326,-0.008109,0.004704,-0.146386,0.012726,0.021012,-0.109684,0.424120,0.005532,0.041102,0.016765,-0.074550,0.098155,0.024616,0.008339,0.018967,0.012021,0.044531
2025-09-16 16:50 CT,-0.003824,0.014072,0.196200,0.017234,0.005597,0.037909,0.023622,-0.146162,-0.056943,0.011813,0.026217,0.033000,0.023256,-0.007530,0.004989,-0.149407,0.017415,0.023334,-0.102742,0.415689,0.006809,0.044270,0.017912,-0.074783,0.097762,0.023209,0.010323,0.019512,0.013651,0.044531
2025-09-16 16:55 CT,-0.003733,0.014776,0.197927,0.017575,0.005186,0.038647,0.023320,-0.143564,-0.054102,0.014539,0.026898,0.033939,0.025116,-0.007530,0.006129,-0.156634,0.017415,0.024031,-0.108990,0.480938,0.008085,0.044819,0.018618,-0.075948,0.096192,0.025085,0.010558,0.021474,0.014874,0.045828
2025-09-16 17:00 CT,-0.003742,0.015706,0.191019,0.017234,0.005448,0.038234,0.023455,-0.141049,-0.056707,0.013176,0.023834,0.033797,0.025116,-0.007530,0.006556,-0.154153,0.016075,0.024379,-0.103436,0.503666,0.007660,0.043752,0.017824,-0.076274,0.097762,0.026960,0.010188,0.019948,0.014670,0.047125
2025-09-16 17:05 CT,-0.002228,0.016085,0.190674,0.019154,0.014253,0.038918,0.024259,-0.138200,-0.052326,0.017265,0.025196,0.034878,0.029767,-0.006950,0.009550,-0.151348,0.022103,0.025772,-0.103783,0.494135,0.009362,0.045063,0.019677,-0.073618,0.103651,0.028602,0.011533,0.023327,0.018134,0.049719
2025-09-16 17:10 CT,-0.002928,0.015627,0.191364,0.017874,0.012910,0.038680,0.023991,-0.134009,-0.049011,0.017265,0.024174,0.033456,0.027907,-0.006661,0.010975,-0.151456,0.020094,0.025075,-0.105519,0.489736,0.008936,0.042473,0.018883,-0.077206,0.106007,0.024851,0.010155,0.022564,0.016504,0.046693
2025-09-16 17:15 CT,-0.003015,0.015782,0.188687,0.016338,0.010932,0.038495,0.023220,-0.139289,-0.049603,0.019537,0.023153,0.032972,0.025116,-0.006950,0.009265,-0.151133,0.019424,0.024843,-0.102742,0.512830,0.006383,0.039548,0.017559,-0.076880,0.111111,0.025788,0.008978,0.020711,0.015892,0.044963
2025-09-16 17:20 CT,-0.002539,0.015872,0.187478,0.016935,0.013470,0.039168,0.023220,-0.132333,-0.052208,0.021354,0.024515,0.034053,0.028837,-0.006661,0.009977,-0.150378,0.023443,0.026120,-0.102395,0.500733,0.007234,0.042229,0.018442,-0.078837,0.104044,0.033876,0.009919,0.022019,0.017319,0.046693
2025-09-16 17:25 CT,-0.003682,0.015327,0.178152,0.014632,0.011380,0.039385,0.021913,-0.142055,-0.051971,0.019991,0.022472,0.031720,0.026977,-0.007240,0.006271,-0.154153,0.022103,0.024611,-0.102742,0.508065,0.005106,0.038146,0.017030,-0.078185,0.108363,0.031298,0.008171,0.020166,0.014874,0.044531
2025-09-16 17:30 CT,-0.004774,0.013857,0.175389,0.013309,0.009403,0.037431,0.021243,-0.147419,-0.053273,0.018174,0.022472,0.030042,0.025116,-0.008398,0.003848,-0.157605,0.015405,0.023566,-0.106213,0.508065,0.003830,0.036257,0.016148,-0.078744,0.115823,0.027664,0.006456,0.018858,0.013040,0.041937
2025-09-16 17:35 CT,-0.002391,0.014625,0.170294,0.015784,0.008171,0.039353,0.021645,-0.144988,-0.050077,0.018628,0.023834,0.030497,0.026977,-0.007240,0.007269,-0.157713,0.017415,0.024495,-0.102395,0.522727,0.005957,0.037994,0.016324,-0.078557,0.104829,0.030477,0.008473,0.020493,0.015892,0.044099
2025-09-16 17:40 CT,-0.000871,0.014674,0.165112,0.016296,0.011007,0.038973,0.022081,-0.137529,-0.053747,0.018174,0.026898,0.030781,0.029767,-0.006661,0.008409,-0.153830,0.019424,0.025656,-0.099965,0.519795,0.007234,0.039578,0.016942,-0.076554,0.101296,0.032939,0.010155,0.022673,0.017522,0.047125
2025-09-16 17:45 CT,-0.000427,0.015162,0.163817,0.017405,0.012238,0.037670,0.021980,-0.138284,-0.052208,0.019537,0.025536,0.030099,0.030698,-0.006661,0.009550,-0.149515,0.020094,0.025772,-0.100659,0.529692,0.007234,0.042290,0.017030,-0.075156,0.103259,0.029422,0.010659,0.023327,0.017930,0.050151
2025-09-16 17:50 CT,-0.000453,0.015190,0.159758,0.015954,0.013171,0.039744,0.021846,-0.145826,-0.054102,0.017719,0.025536,0.029871,0.028837,-0.006661,0.009835,-0.150593,0.018084,0.025772,-0.098230,0.542155,0.006383,0.039974,0.017206,-0.078557,0.104829,0.027898,0.010625,0.023327,0.017319,0.047990
2025-09-16 17:55 CT,-0.000893,0.015254,0.143696,0.014930,0.010373,0.039309,0.021009,-0.148592,-0.059903,0.015902,0.025196,0.027652,0.026977,-0.007240,0.007127,-0.156958,0.015405,0.024611,-0.101354,0.529692,0.004681,0.037537,0.016942,-0.079583,0.099725,0.021803,0.009650,0.021801,0.015892,0.044963
2025-09-16 18:00 CT,-0.001452,0.015094,0.148014,0.013651,0.009067,0.038245,0.020271,-0.144569,-0.062744,0.019082,0.023834,0.027652,0.025116,-0.007530,0.004418,-0.153398,0.014735,0.022986,-0.104825,0.538856,0.003404,0.034734,0.015971,-0.080561,0.097762,0.010901,0.010020,0.020384,0.013651,0.044099
2025-09-16 18:05 CT,-0.000603,0.015627,0.142142,0.015272,0.011044,0.038234,0.020640,-0.151693,-0.060968,0.021354,0.024855,0.028591,0.026047,-0.006950,0.005131,-0.152751,0.016075,0.024263,-0.103783,0.570381,0.003830,0.036288,0.016853,-0.080095,0.095014,0.010667,0.011802,0.021256,0.015077,0.046260
2025-09-16 18:10 CT,-0.001065,0.015492,0.147409,0.014973,0.008731,0.037681,0.020003,-0.149598,-0.057417,0.021808,0.022472,0.027169,0.026047,-0.007530,0.001853,-0.154153,0.014735,0.023682,-0.107949,0.546554,0.002979,0.036135,0.016148,-0.080514,0.102866,0.010901,0.010087,0.020929,0.013651,0.045828
2025-09-16 18:15 CT,-0.002095,0.014619,0.145423,0.014632,0.007462,0.036041,0.018998,-0.151944,-0.061560,0.019537,0.022472,0.026173,0.026047,-0.008109,0.001853,-0.153398,0.014066,0.023334,-0.102048,0.550953,0.002128,0.035739,0.016324,-0.079303,0.108755,0.013832,0.009180,0.020929,0.012632,0.047125
2025-09-16 18:20 CT,-0.004126,0.014146,0.148273,0.013949,0.007015,0.035715,0.019266,-0.145910,-0.065822,0.019082,0.023834,0.026230,0.025116,-0.008398,0.000998,-0.149083,0.014735,0.022638,-0.101354,0.522361,0.000851,0.035770,0.015442,-0.076041,0.102866,0.012777,0.008137,0.018749,0.011206,0.047990
2025-09-16 18:25 CT,-0.004060,0.014213,0.143092,0.013565,0.006642,0.037148,0.018831,-0.146329,-0.066651,0.017265,0.022812,0.025945,0.026977,-0.009267,0.000285,-0.148220,0.012726,0.022057,-0.098577,0.519428,0.000851,0.035313,0.015000,-0.079396,0.110326,0.017466,0.006960,0.018204,0.010799,0.046260
2025-09-16 18:30 CT,-0.003996,0.014966,0.134370,0.013992,0.008209,0.036964,0.018864,-0.143647,-0.062507,0.016356,0.024515,0.025405,0.029767,-0.008688,0.001710,-0.152967,0.016745,0.022521,-0.101007,0.524560,0.001277,0.035221,0.016589,-0.077905,0.099725,0.016880,0.007734,0.018531,0.011817,0.046260
2025-09-16 18:35 CT,-0.004058,0.014645,0.128238,0.014035,0.009067,0.036714,0.018965,-0.156302,-0.064993,0.016356,0.025196,0.025604,0.031628,-0.008688,0.001710,-0.152751,0.015405,0.023682,-0.101354,0.510997,0.001277,0.036562,0.016589,-0.077859,0.104044,0.017817,0.007263,0.017659,0.011817,0.049719
2025-09-16 18:40 CT,-0.005486,0.013930,0.128756,0.012456,0.006940,0.036562,0.017993,-0.154375,-0.069137,0.017265,0.023153,0.024381,0.027907,-0.009267,-0.003136,-0.149946,0.012726,0.021361,-0.104478,0.501833,-0.000426,0.035008,0.015000,-0.080281,0.107185,0.013949,0.004304,0.015479,0.007131,0.045396
2025-09-16 18:45 CT,-0.004783,0.013896,0.128497,0.011646,0.006045,0.037246,0.018127,-0.148257,-0.068663,0.019537,0.023493,0.024750,0.030698,-0.009557,-0.002993,-0.148004,0.013396,0.022057,-0.101701,0.519428,-0.000426,0.036318,0.015000,-0.079070,0.116608,0.018286,0.006321,0.015806,0.008150,0.046693
2025-09-16 18:50 CT,-0.004739,0.014213,0.129361,0.010494,0.005821,0.037170,0.017758,-0.146497,-0.074464,0.018174,0.023834,0.024011,0.028837,-0.008398,-0.003991,-0.138727,0.014066,0.021941,-0.102395,0.535924,-0.000426,0.033454,0.014647,-0.083916,0.107578,0.020279,0.005010,0.016242,0.008354,0.044963
2025-09-16 18:55 CT,-0.005139,0.014675,0.126598,0.010835,0.007239,0.037735,0.017792,-0.146664,-0.075767,0.018174,0.024174,0.024238,0.029767,-0.008688,-0.004989,-0.131176,0.013396,0.021941,-0.104478,0.537757,-0.000851,0.035130,0.015000,-0.079955,0.110326,0.017466,0.004976,0.016024,0.008354,0.045828
2025-09-16 19:00 CT,-0.004995,0.014376,0.131606,0.010921,0.008582,0.038973,0.018496,-0.156051,-0.076714,0.019991,0.023493,0.023328,0.028837,-0.008398,-0.003991,-0.134520,0.014066,0.022057,-0.105866,0.590909,-0.000426,0.035008,0.016059,-0.078837,0.114252,0.024851,0.006086,0.018313,0.008354,0.045396
2025-09-16 19:05 CT,-0.005696,0.013936,0.128238,0.009257,0.005746,0.037583,0.018160,-0.168538,-0.088079,0.017719,0.023493,0.023783,0.028837,-0.009267,-0.006271,-0.132255,0.010047,0.021361,-0.107254,0.570748,-0.002979,0.033515,0.016324,-0.082984,0.120141,0.018521,0.006052,0.017768,0.005909,0.044963
2025-09-16 19:10 CT,-0.005903,0.013225,0.133420,0.006655,0.003134,0.036638,0.016954,-0.169879,-0.096602,0.014993,0.020429,0.021649,0.027907,-0.009557,-0.010262,-0.149407,0.008707,0.018807,-0.111420,0.583578,-0.004681,0.031139,0.015618,-0.082798,0.116608,0.014418,0.004909,0.017441,0.004482,0.042369
2025-09-16 19:15 CT,-0.003629,0.013983,0.129965,0.008958,0.008656,0.039776,0.018563,-0.165940,-0.089618,0.016811,0.021450,0.024437,0.033488,-0.010136,-0.007982,-0.145307,0.012726,0.021361,-0.107602,0.585411,-0.001702,0.035861,0.016853,-0.080002,0.112682,0.015942,0.007364,0.019621,0.008557,0.048854
2025-09-16 19:20 CT,-0.002539,0.013550,0.137565,0.009172,0.010298,0.039103,0.018295,-0.156051,-0.087487,0.016356,0.022812,0.023385,0.034419,-0.008978,-0.008694,-0.136677,0.010717,0.022289,-0.102742,0.616569,-0.001702,0.034216,0.016942,-0.080794,0.120534,0.020513,0.008473,0.018858,0.008557,0.045396
2025-09-16 19:25 CT,-0.002677,0.013793,0.130484,0.008062,0.011455,0.040515,0.018462,-0.164683,-0.087250,0.013176,0.021791,0.022901,0.031628,-0.008978,-0.008409,-0.135922,0.011386,0.021361,-0.103089,0.711510,-0.002128,0.032144,0.016500,-0.081586,0.115823,0.020396,0.007767,0.018422,0.008557,0.044963
2025-09-16 19:30 CT,-0.002641,0.013279,0.115458,0.007081,0.008395,0.042089,0.018261,-0.165689,-0.084882,0.013176,0.020089,0.023584,0.031628,-0.008978,-0.007127,-0.134088,0.016075,0.021709,-0.106560,0.701613,-0.002128,0.033028,0.016677,-0.082937,0.119356,0.025437,0.009146,0.019730,0.009372,0.046260
2025-09-16 19:35 CT,-0.003205,0.013356,0.121244,0.007295,0.006940,0.042860,0.018764,-0.160074,-0.078963,0.008178,0.020769,0.023100,0.030698,-0.008109,-0.008124,-0.143689,0.014735,0.021477,-0.102742,0.713710,-0.000851,0.032571,0.015971,-0.080421,0.118178,0.026843,0.009213,0.021583,0.009169,0.047125
2025-09-16 19:40 CT,-0.002334,0.013832,0.119948,0.008404,0.008544,0.043859,0.019132,-0.160577,-0.081331,0.006815,0.022131,0.024722,0.033488,-0.007530,-0.004989,-0.146818,0.020764,0.022289,-0.101354,0.744501,0.000851,0.034246,0.016412,-0.077952,0.113467,0.027078,0.010558,0.022891,0.011614,0.050151
2025-09-16 19:45 CT,-0.002628,0.013439,0.117358,0.008020,0.006753,0.043012,0.017825,-0.174908,-0.079555,0.006815,0.021450,0.022133,0.030698,-0.007530,-0.007412,-0.147357,0.017415,0.020896,-0.101701,0.776026,0.000426,0.033119,0.016324,-0.078324,0.110718,0.014301,0.007397,0.020820,0.009984,0.048422
2025-09-16 19:50 CT,-0.002475,0.013181,0.114076,0.007849,0.006679,0.041264,0.017624,-0.175243,-0.076003,0.004543,0.023153,0.023385,0.035349,-0.007530,-0.007269,-0.165588,0.017415,0.020432,-0.110378,0.754765,0.000426,0.033424,0.015795,-0.078930,0.104437,0.011253,0.007061,0.020166,0.009984,0.048854
2025-09-16 19:55 CT,-0.002453,0.012686,0.112263,0.007721,0.006791,0.042187,0.017122,-0.172310,-0.074701,0.004089,0.022131,0.023556,0.033488,-0.007240,-0.006984,-0.171413,0.015405,0.020432,-0.110031,0.747801,0.001277,0.031809,0.015000,-0.079070,0.102473,0.008674,0.006019,0.020166,0.008761,0.045396
2025-09-16 20:00 CT,-0.002800,0.012776,0.104145,0.008702,0.006753,0.041601,0.017423,-0.179517,-0.076122,0.005452,0.019067,0.023271,0.036279,-0.007240,-0.007697,-0.175728,0.013396,0.020780,-0.111420,0.878666,0.000000,0.031413,0.014559,-0.074550,0.098547,0.003517,0.005077,0.018967,0.008965,0.047125
2025-09-16 20:05 CT,-0.002816,0.012922,0.100086,0.008873,0.005485,0.041090,0.018127,-0.182032,-0.076122,0.005906,0.020089,0.023669,0.035349,-0.006950,-0.006984,-0.179720,0.016745,0.020664,-0.111420,0.848974,0.001277,0.030895,0.014471,-0.073758,0.098547,0.007971,0.005178,0.018967,0.009984,0.047990
2025-09-16 20:10 CT,-0.002559,0.013268,0.098705,0.009428,0.005410,0.041123,0.018563,-0.176752,-0.072215,0.007269,0.021450,0.024011,0.035349,-0.006950,-0.004704,-0.178425,0.020094,0.021477,-0.110378,0.865103,0.001277,0.031748,0.015000,-0.071801,0.094621,0.013949,0.007532,0.019730,0.011002,0.047557
2025-09-16 20:15 CT,-0.001910,0.014128,0.092401,0.010366,0.008806,0.041926,0.020238,-0.179517,-0.071741,0.009995,0.024515,0.023982,0.037209,-0.006950,-0.003706,-0.174973,0.024113,0.023102,-0.114196,0.931818,0.002553,0.030803,0.016853,-0.072407,0.082057,0.013480,0.009213,0.020275,0.012225,0.048854
2025-09-16 20:20 CT,-0.001971,0.013616,0.087651,0.009428,0.006119,0.040949,0.019802,-0.174321,-0.068663,0.009541,0.024174,0.023755,0.034419,-0.007240,-0.006414,-0.171953,0.019424,0.022870,-0.115238,0.984238,0.001702,0.030164,0.015353,-0.074411,0.076561,0.011019,0.008036,0.019076,0.010595,0.047557
2025-09-16 20:25 CT,-0.001602,0.014076,0.087219,0.009939,0.006716,0.041199,0.020271,-0.173399,-0.067361,0.009541,0.025196,0.024124,0.034419,-0.006661,-0.006271,-0.166882,0.016745,0.022870,-0.115932,0.911290,0.001277,0.030072,0.015883,-0.074271,0.076953,0.012894,0.008642,0.018749,0.010595,0.047125
2025-09-16 20:30 CT,-0.004268,0.012939,0.077116,0.007124,0.002388,0.039755,0.018295,-0.178512,-0.066888,0.003180,0.021450,0.020255,0.029767,-0.008109,-0.014538,-0.169364,0.010717,0.019039,-0.122527,0.835411,-0.002979,0.024984,0.014030,-0.074317,0.067530,0.006095,0.004775,0.015479,0.005501,0.042802
2025-09-16 20:35 CT,-0.003552,0.013563,0.079793,0.007849,0.003246,0.040232,0.018697,-0.175914,-0.063691,0.005906,0.021450,0.020768,0.031628,-0.008109,-0.013540,-0.169256,0.012726,0.019387,-0.119750,0.851540,-0.002128,0.025715,0.014736,-0.072920,0.065175,0.006330,0.005380,0.016460,0.006112,0.043234
2025-09-16 20:40 CT,-0.003859,0.013460,0.084456,0.007508,0.002537,0.039081,0.017725,-0.174489,-0.053273,0.008178,0.021791,0.020512,0.030698,-0.008109,-0.012685,-0.165912,0.012056,0.018807,-0.118709,0.876466,-0.002979,0.026416,0.014383,-0.070869,0.071064,0.006682,0.005346,0.017223,0.007742,0.044531
2025-09-16 20:45 CT,-0.004031,0.013260,0.075130,0.007508,0.002089,0.039320,0.017423,-0.175075,-0.050550,0.006361,0.023834,0.019800,0.032558,-0.008978,-0.013113,-0.167961,0.010047,0.018110,-0.121138,0.931818,-0.003404,0.025563,0.015000,-0.074178,0.062819,0.005040,0.005313,0.017223,0.007539,0.044099
2025-09-16 20:50 CT,-0.003777,0.013217,0.066494,0.006868,0.000709,0.038984,0.017423,-0.176333,-0.055759,0.003180,0.022131,0.019914,0.030698,-0.009267,-0.011688,-0.170442,0.010717,0.017762,-0.122180,0.888563,-0.003404,0.023582,0.015530,-0.077020,0.053004,0.003985,0.005044,0.016787,0.007946,0.043234
2025-09-16 20:55 CT,-0.002374,0.013574,0.071675,0.007977,0.002537,0.039038,0.018563,-0.190245,-0.054576,0.004998,0.023493,0.022275,0.033488,-0.008978,-0.009265,-0.173894,0.012056,0.019039,-0.122180,0.894795,-0.001277,0.026782,0.016677,-0.076321,0.055752,0.005509,0.007128,0.018095,0.010799,0.046693
2025-09-16 21:00 CT,-0.003267,0.012823,0.071416,0.006228,-0.000112,0.038582,0.017557,-0.199464,-0.055878,0.001363,0.021791,0.020341,0.029767,-0.009267,-0.011688,-0.177238,0.010717,0.016833,-0.125304,0.906891,-0.003404,0.023613,0.015265,-0.075715,0.054181,0.003517,0.004607,0.016678,0.007946,0.043234